timestamp,id,status,title,detail
2026-09-20T21:07:24,1069,not_found,,slug resolved (better-than-takeout-chicken-fried-rice) but json 404'd
2026-09-20T21:07:25,1071,not_found,,slug resolved (better-than-takeout-chicken-fried-rice) but json 404'd
2026-09-20T21:07:26,1196,not_found,,slug resolved (chicken-satay-creamy-peanut-sauce-thai-cucumber-salad) but json 404'd
2026-09-20T21:07:28,1198,not_found,,slug resolved (chicken-satay-creamy-peanut-sauce-thai-cucumber-salad) but json 404'd
2026-09-20T21:07:29,1204,not_found,,slug resolved (chicken-satay-creamy-almond-sauce-thai-cucumber-salad) but json 404'd
2026-09-20T21:07:30,1206,not_found,,slug resolved (chicken-satay-creamy-almond-sauce-thai-cucumber-salad) but json 404'd
2026-09-20T21:07:32,1303,not_found,,slug resolved (maple-glazed-tofu-garlic-sauteed-bok-choy-basmati-rice) but json 404'd
2026-09-20T21:09:53,1069,not_found,,slug resolved (better-than-takeout-chicken-fried-rice) but json 404'd
2026-09-20T21:09:54,1071,not_found,,slug resolved (better-than-takeout-chicken-fried-rice) but json 404'd
2026-09-20T21:09:55,1196,not_found,,slug resolved (chicken-satay-creamy-peanut-sauce-thai-cucumber-salad) but json 404'd
2026-09-20T21:09:57,1198,not_found,,slug resolved (chicken-satay-creamy-peanut-sauce-thai-cucumber-salad) but json 404'd
2026-09-20T21:09:58,1204,not_found,,slug resolved (chicken-satay-creamy-almond-sauce-thai-cucumber-salad) but json 404'd
2026-09-20T21:10:32,1069,not_found,,slug resolved (better-than-takeout-chicken-fried-rice) but json 404'd
2026-09-20T21:10:33,1071,not_found,,slug resolved (better-than-takeout-chicken-fried-rice) but json 404'd
2026-09-20T21:10:35,1196,not_found,,slug resolved (chicken-satay-creamy-peanut-sauce-thai-cucumber-salad) but json 404'd
2026-09-20T21:10:36,1198,not_found,,slug resolved (chicken-satay-creamy-peanut-sauce-thai-cucumber-salad) but json 404'd
2026-09-20T21:10:37,1204,not_found,,slug resolved (chicken-satay-creamy-almond-sauce-thai-cucumber-salad) but json 404'd
2026-09-20T21:10:39,1206,not_found,,slug resolved (chicken-satay-creamy-almond-sauce-thai-cucumber-salad) but json 404'd
2026-09-20T21:10:40,1303,not_found,,slug resolved (maple-glazed-tofu-garlic-sauteed-bok-choy-basmati-rice) but json 404'd
2026-09-20T21:10:42,1424,not_found,,slug resolved (honey-soy-glazed-salmon-sauteed-bok-choy-basmati-rice) but json 404'd
2026-09-20T21:10:43,1548,not_found,,slug resolved (asian-steak-mango-salad-bell-pepper-romaine) but json 404'd
2026-09-20T21:10:44,1704,not_found,,slug resolved (soft-beef-tacos-shredded-romaine-spicy-salsa) but json 404'd
2026-09-20T21:10:46,1706,not_found,,slug resolved (soft-beef-tacos-shredded-romaine-spicy-salsa) but json 404'd
2026-09-20T21:10:47,1739,not_found,,slug resolved (grilled-romaine-steak-berry-salad-walnuts) but json 404'd
2026-09-20T21:10:49,1803,not_found,,slug resolved (salmon-burgers-mixed-greens) but json 404'd
2026-09-20T21:10:50,1812,not_found,,slug resolved (salisbury-steak-mushroom-gravy-parsley-mashed-potatoes) but json 404'd
2026-09-20T21:10:52,1883,not_found,,slug resolved (roasted-salmon-asparagus) but json 404'd
2026-09-20T21:10:53,1884,not_found,,slug resolved (roasted-salmon-asparagus) but json 404'd
2026-09-20T21:10:55,1893,not_found,,slug resolved (steak-balsamic-strawberry-salad-spinach-almonds) but json 404'd
2026-09-20T21:10:56,2134,not_found,,slug resolved (california-club-sandwich-lemony-spinach-salad) but json 404'd
2026-09-20T21:10:57,2363,not_found,,slug resolved (rib-eye-steak-sauteed-mixed-vegetables) but json 404'd
2026-09-20T21:10:59,2375,not_found,,slug resolved (roasted-salmon-garlic-sauteed-leeks) but json 404'd
2026-09-20T21:11:00,2533,not_found,,slug resolved (sesame-ginger-glazed-salmon-avocado-cucumber-salad) but json 404'd
2026-09-20T21:11:01,3151,not_found,,slug resolved (skillet-moussaka-bechamel-sauce) but json 404'd
2026-09-20T21:11:03,3195,not_found,,slug resolved (asian-steak-salad-cucumber-napa-cabbage-peanuts) but json 404'd
2026-09-20T21:11:04,3208,not_found,,slug resolved (thai-inspired-turkey-burgers-napa-cabbage-slaw) but json 404'd
2026-09-20T21:11:05,3217,not_found,,slug resolved (black-bean-burgers-avocado-spread-mixed-greens-salad) but json 404'd
2026-09-20T21:11:07,3254,not_found,,slug resolved (beef-carrot-stew-mashed-potato-topping) but json 404'd
2026-09-20T21:11:08,3255,not_found,,slug resolved (beef-carrot-stew-mashed-potato-topping) but json 404'd
2026-09-20T21:11:10,3455,not_found,,slug resolved (peanut-tofu-rice-bowl-carrots-broccoli) but json 404'd
2026-09-20T21:11:11,3719,not_found,,slug resolved (pan-seared-strip-steak-kale-colcannon-irish-mashed-potatoes) but json 404'd
2026-09-20T21:11:12,4126,not_found,,slug resolved (pan-fried-steak-sauteed-kale-sweet-potato-mash) but json 404'd
2026-09-20T21:11:14,4192,not_found,,slug resolved (pan-fried-pork-chops-sauteed-kale-sweet-potato-mash) but json 404'd
2026-09-20T21:11:15,4352,not_found,,slug resolved (orange-glazed-salmon-sauteed-bok-choy) but json 404'd
2026-09-20T21:11:17,4420,not_found,,slug resolved (korean-style-beef-rice-bowl-cucumbers) but json 404'd
2026-09-20T21:11:18,4421,not_found,,slug resolved (korean-style-beef-rice-bowl-cucumbers) but json 404'd
2026-09-20T21:11:19,4435,not_found,,slug resolved (pan-fried-sole-mashed-potatoes-green-beans) but json 404'd
2026-09-20T21:11:21,4793,not_found,,slug resolved (cajun-chicken-avocado-burger-baby-spinach-salad) but json 404'd
2026-09-20T21:11:22,4797,not_found,,slug resolved (breadcrumb-crusted-halibut-mushroom-spinach-saute-quinoa) but json 404'd
2026-09-20T21:11:24,4800,not_found,,slug resolved (better-than-takeout-chicken-fried-rice) but json 404'd
2026-09-20T21:11:25,4871,not_found,,slug resolved (chicken-satay-creamy-peanut-sauce-thai-cucumber-salad) but json 404'd
2026-09-20T21:11:26,4875,not_found,,slug resolved (chicken-satay-creamy-almond-sauce-thai-cucumber-salad) but json 404'd
2026-09-20T21:11:28,5057,not_found,,slug resolved (asian-steak-mango-salad-bell-pepper-romaine) but json 404'd
2026-09-20T21:11:29,5155,not_found,,slug resolved (grilled-steak-strawberry-panzanella-salad) but json 404'd
2026-09-20T21:11:31,5157,not_found,,slug resolved (grilled-steak-strawberry-panzanella-salad) but json 404'd
2026-09-20T21:11:32,5223,not_found,,slug resolved (roasted-salmon-asparagus) but json 404'd
2026-09-20T21:11:34,5338,not_found,,slug resolved (california-club-sandwich-lemony-spinach-salad) but json 404'd
2026-09-20T21:11:35,5426,not_found,,slug resolved (pan-seared-steak-sauteed-brussels-sprouts) but json 404'd
2026-09-20T21:11:37,5811,not_found,,slug resolved (roasted-salmon-tomatoes-minted-pea-puree) but json 404'd
2026-09-20T21:11:38,5834,not_found,,slug resolved (thai-inspired-turkey-burgers-napa-cabbage-slaw) but json 404'd
2026-09-20T21:11:39,5839,not_found,,slug resolved (black-bean-burgers-avocado-spread-mixed-greens-salad) but json 404'd
2026-09-20T21:11:41,5855,not_found,,slug resolved (beef-carrot-stew-mashed-potato-topping) but json 404'd
2026-09-20T21:11:42,5955,not_found,,slug resolved (peanut-tofu-rice-bowl-carrots-broccoli) but json 404'd
2026-09-20T21:11:44,6080,not_found,,slug resolved (pan-seared-strip-steak-kale-colcannon-irish-mashed-potatoes) but json 404'd
2026-09-20T21:11:45,6198,not_found,,slug resolved (striploin-steak-bell-pepper-tomato-basil-panzanella-salad) but json 404'd
2026-09-20T21:11:47,6234,not_found,,slug resolved (pan-fried-cod-asparagus-carrot-puree) but json 404'd
2026-09-20T21:11:48,6264,not_found,,slug resolved (pan-fried-steak-sauteed-kale-sweet-potato-mash) but json 404'd
2026-09-20T21:11:49,6394,not_found,,slug resolved (korean-style-beef-rice-bowl-cucumbers) but json 404'd
2026-09-20T21:11:51,6874,not_found,,slug resolved (thai-scallop-veggie-saute-spicy-peanut-sauce) but json 404'd
2026-09-20T21:17:33,1069,not_found,,slug resolved (better-than-takeout-chicken-fried-rice) but json 404'd
2026-09-20T21:17:34,1071,not_found,,slug resolved (better-than-takeout-chicken-fried-rice) but json 404'd
2026-09-20T21:17:35,1196,not_found,,slug resolved (chicken-satay-creamy-peanut-sauce-thai-cucumber-salad) but json 404'd
2026-09-20T21:17:37,1198,not_found,,slug resolved (chicken-satay-creamy-peanut-sauce-thai-cucumber-salad) but json 404'd
2026-09-20T21:17:38,1204,not_found,,slug resolved (chicken-satay-creamy-almond-sauce-thai-cucumber-salad) but json 404'd
2026-09-20T21:17:39,1206,not_found,,slug resolved (chicken-satay-creamy-almond-sauce-thai-cucumber-salad) but json 404'd
2026-09-20T21:17:41,1303,not_found,,slug resolved (maple-glazed-tofu-garlic-sauteed-bok-choy-basmati-rice) but json 404'd
2026-09-20T21:17:42,1424,not_found,,slug resolved (honey-soy-glazed-salmon-sauteed-bok-choy-basmati-rice) but json 404'd
2026-09-20T21:17:44,1548,not_found,,slug resolved (asian-steak-mango-salad-bell-pepper-romaine) but json 404'd
2026-09-20T21:17:45,1704,not_found,,slug resolved (soft-beef-tacos-shredded-romaine-spicy-salsa) but json 404'd
2026-09-20T21:17:47,1706,not_found,,slug resolved (soft-beef-tacos-shredded-romaine-spicy-salsa) but json 404'd
2026-09-27T15:09:46,1,not_found,,no redirect (id does not exist)
2026-09-27T15:09:48,2,not_found,,no redirect (id does not exist)
2026-09-27T15:09:49,3,not_found,,no redirect (id does not exist)
2026-09-27T15:09:51,4,not_found,,no redirect (id does not exist)
2026-09-27T15:09:53,5,not_found,,no redirect (id does not exist)
2026-09-27T15:09:55,6,not_found,,no redirect (id does not exist)
2026-09-27T15:09:56,7,not_found,,no redirect (id does not exist)
2026-09-27T15:09:58,8,not_found,,no redirect (id does not exist)
2026-09-27T15:09:59,9,not_found,,no redirect (id does not exist)
2026-09-27T15:10:01,10,not_found,,no redirect (id does not exist)
2026-09-27T15:10:02,11,not_found,,no redirect (id does not exist)
2026-09-27T15:10:03,12,not_found,,no redirect (id does not exist)
2026-09-27T15:10:06,13,not_found,,no redirect (id does not exist)
2026-09-27T15:10:07,14,not_found,,no redirect (id does not exist)
2026-09-27T15:10:08,15,not_found,,no redirect (id does not exist)
2026-09-27T15:10:10,16,not_found,,no redirect (id does not exist)
2026-09-27T15:10:11,17,not_found,,no redirect (id does not exist)
2026-09-27T15:10:12,18,not_found,,no redirect (id does not exist)
2026-09-27T15:10:14,19,not_found,,no redirect (id does not exist)
2026-09-27T15:10:15,20,not_found,,no redirect (id does not exist)
2026-09-27T15:10:18,21,not_found,,no redirect (id does not exist)
2026-09-27T15:10:19,22,not_found,,no redirect (id does not exist)
2026-09-27T15:10:20,23,not_found,,no redirect (id does not exist)
2026-09-27T15:10:22,24,not_found,,no redirect (id does not exist)
2026-09-27T15:10:23,25,not_found,,no redirect (id does not exist)
2026-09-27T15:10:25,26,not_found,,no redirect (id does not exist)
2026-09-27T15:10:26,27,not_found,,no redirect (id does not exist)
2026-09-27T15:10:27,28,not_found,,no redirect (id does not exist)
2026-09-27T15:10:29,29,not_found,,no redirect (id does not exist)
2026-09-27T15:10:30,30,not_found,,no redirect (id does not exist)
2026-09-27T15:10:32,31,not_found,,no redirect (id does not exist)
2026-09-27T15:10:33,32,not_found,,no redirect (id does not exist)
2026-09-27T15:10:34,33,not_found,,no redirect (id does not exist)
2026-09-27T15:10:36,34,not_found,,no redirect (id does not exist)
2026-09-27T15:10:38,35,not_found,,no redirect (id does not exist)
2026-09-27T15:10:40,36,not_found,,no redirect (id does not exist)
2026-09-27T15:10:42,37,not_found,,no redirect (id does not exist)
2026-09-27T15:10:43,38,not_found,,no redirect (id does not exist)
2026-09-27T15:10:45,39,not_found,,no redirect (id does not exist)
2026-09-27T15:10:46,40,not_found,,no redirect (id does not exist)
2026-09-27T15:10:48,41,not_found,,no redirect (id does not exist)
2026-09-27T15:10:49,42,not_found,,no redirect (id does not exist)
2026-09-27T15:10:51,43,not_found,,no redirect (id does not exist)
2026-09-27T15:10:52,44,not_found,,no redirect (id does not exist)
2026-09-27T15:10:54,45,not_found,,no redirect (id does not exist)
2026-09-27T15:10:55,46,not_found,,no redirect (id does not exist)
2026-09-27T15:10:56,47,not_found,,no redirect (id does not exist)
2026-09-27T15:10:58,48,not_found,,no redirect (id does not exist)
2026-09-27T15:10:59,49,not_found,,no redirect (id does not exist)
2026-09-27T15:11:01,50,not_found,,no redirect (id does not exist)
2026-09-27T15:11:02,51,not_found,,no redirect (id does not exist)
2026-09-27T15:11:03,52,not_found,,no redirect (id does not exist)
2026-09-27T15:11:05,53,not_found,,no redirect (id does not exist)
2026-09-27T15:11:06,54,not_found,,no redirect (id does not exist)
2026-09-27T15:11:07,55,not_found,,no redirect (id does not exist)
2026-09-27T15:11:08,56,not_found,,no redirect (id does not exist)
2026-09-27T15:11:10,57,not_found,,no redirect (id does not exist)
2026-09-27T15:11:12,58,not_found,,no redirect (id does not exist)
2026-09-27T15:11:34,30010,not_found,,slug resolved (one-pot-creamy-goat-cheese-penne-asparagus-peas-carrots-dill) but json 404'd
2026-09-27T15:11:35,30011,not_found,,slug resolved (one-pot-creamy-goat-cheese-penne-asparagus-peas-carrots-dill) but json 404'd
2026-09-27T15:11:37,30012,not_found,,slug resolved (one-pot-creamy-goat-cheese-penne-asparagus-peas-carrots-dill) but json 404'd
2026-09-27T15:12:04,30049,not_found,,slug resolved (roasted-carrot-onion-couscous-bowl-kale-turmeric-dressing) but json 404'd
2026-09-27T15:12:06,30050,not_found,,slug resolved (roasted-carrot-onion-couscous-bowl-kale-turmeric-dressing) but json 404'd
2026-09-27T15:12:07,30051,not_found,,slug resolved (roasted-carrot-onion-couscous-bowl-kale-turmeric-dressing) but json 404'd
2026-09-27T15:12:20,30067,not_found,,slug resolved (spicy-tuna-salad-lettuce-wraps-avocado-green-onions-jalapeno) but json 404'd
2026-09-27T15:12:22,30068,not_found,,slug resolved (spicy-tuna-salad-lettuce-wraps-avocado-green-onions-jalapeno) but json 404'd
2026-09-27T15:12:24,30069,not_found,,slug resolved (spicy-tuna-salad-lettuce-wraps-avocado-green-onions-jalapeno) but json 404'd
2026-09-27T15:12:26,30070,not_found,,slug resolved (spicy-tofu-salad-lettuce-wraps-avocado-green-onions-jalapeno) but json 404'd
2026-09-27T15:12:27,30071,not_found,,slug resolved (spicy-tofu-salad-lettuce-wraps-avocado-green-onions-jalapeno) but json 404'd
2026-09-27T15:12:29,30072,not_found,,slug resolved (spicy-tofu-salad-lettuce-wraps-avocado-green-onions-jalapeno) but json 404'd
2026-09-27T15:12:30,30073,not_found,,slug resolved (spicy-tofu-salad-lettuce-wraps-avocado-green-onions-jalapeno) but json 404'd
2026-09-27T15:12:31,30074,not_found,,slug resolved (spicy-tofu-salad-lettuce-wraps-avocado-green-onions-jalapeno) but json 404'd
2026-09-27T15:12:33,30075,not_found,,slug resolved (spicy-tofu-salad-lettuce-wraps-avocado-green-onions-jalapeno) but json 404'd
2026-09-27T15:12:43,30088,not_found,,slug resolved (spicy-tuna-salad-lettuce-wraps-avocado-green-onions-jalapeno) but json 404'd
2026-09-27T15:12:44,30089,not_found,,slug resolved (spicy-tuna-salad-lettuce-wraps-avocado-green-onions-jalapeno) but json 404'd
2026-09-27T15:12:47,30090,not_found,,slug resolved (spicy-tuna-salad-lettuce-wraps-avocado-green-onions-jalapeno) but json 404'd
2026-09-27T15:12:48,30091,not_found,,slug resolved (spicy-tofu-salad-lettuce-wraps-avocado-green-onions-jalapeno) but json 404'd
2026-09-27T15:12:49,30092,not_found,,slug resolved (spicy-tofu-salad-lettuce-wraps-avocado-green-onions-jalapeno) but json 404'd
2026-09-27T15:12:50,30093,not_found,,slug resolved (spicy-tofu-salad-lettuce-wraps-avocado-green-onions-jalapeno) but json 404'd
2026-09-27T15:12:52,30094,not_found,,slug resolved (spicy-tofu-salad-lettuce-wraps-avocado-green-onions-jalapeno) but json 404'd
2026-09-27T15:12:54,30095,not_found,,slug resolved (spicy-tofu-salad-lettuce-wraps-avocado-green-onions-jalapeno) but json 404'd
2026-09-27T15:12:55,30096,not_found,,slug resolved (spicy-tofu-salad-lettuce-wraps-avocado-green-onions-jalapeno) but json 404'd
2026-09-27T15:13:31,30142,not_found,,slug resolved (chicken-fricassee-creamy-mushroom-spinach-sauce-parsley-rice) but json 404'd
2026-09-27T15:13:32,30143,not_found,,slug resolved (chicken-fricassee-creamy-mushroom-spinach-sauce-parsley-rice) but json 404'd
2026-09-27T15:13:33,30144,not_found,,slug resolved (chicken-fricassee-creamy-mushroom-spinach-sauce-parsley-rice) but json 404'd
2026-09-27T15:13:51,30145,error,,redirect lookup failed: 500 server error
2026-09-27T15:14:08,30146,error,,redirect lookup failed: 500 server error
2026-09-27T15:14:27,30147,error,,redirect lookup failed: 500 server error
2026-09-27T15:14:44,30148,error,,redirect lookup failed: 500 server error
2026-09-27T15:15:00,30149,error,,redirect lookup failed: 500 server error
2026-09-27T15:15:17,30150,error,,redirect lookup failed: 500 server error
2026-09-27T15:15:30,30166,not_found,,slug resolved (cheesy-pinto-bean-carrot-potato-soup-lemon-dijon-side-salad) but json 404'd
2026-09-27T15:15:32,30167,not_found,,slug resolved (cheesy-pinto-bean-carrot-potato-soup-lemon-dijon-side-salad) but json 404'd
2026-09-27T15:15:33,30168,not_found,,slug resolved (cheesy-pinto-bean-carrot-potato-soup-lemon-dijon-side-salad) but json 404'd
2026-09-27T15:15:37,30172,not_found,,slug resolved (cheesy-pinto-bean-carrot-potato-soup-lemon-dijon-side-salad) but json 404'd
2026-09-27T15:15:38,30173,not_found,,slug resolved (cheesy-pinto-bean-carrot-potato-soup-lemon-dijon-side-salad) but json 404'd
2026-09-27T15:15:40,30174,not_found,,slug resolved (cheesy-pinto-bean-carrot-potato-soup-lemon-dijon-side-salad) but json 404'd
2026-09-27T15:15:50,30184,not_found,,slug resolved (maple-bacon-chicken-wings-cucumber-bell-pepper-parsley-salad) but json 404'd
2026-09-27T15:15:51,30185,not_found,,slug resolved (maple-bacon-chicken-wings-cucumber-bell-pepper-parsley-salad) but json 404'd
2026-09-27T15:15:53,30186,not_found,,slug resolved (maple-bacon-chicken-wings-cucumber-bell-pepper-parsley-salad) but json 404'd
2026-09-27T15:16:13,30211,not_found,,slug resolved (soy-baked-tofu-rice-bowl-mango-cabbage-slaw-cilantro) but json 404'd
2026-09-27T15:16:14,30212,not_found,,slug resolved (soy-baked-tofu-rice-bowl-mango-cabbage-slaw-cilantro) but json 404'd
2026-09-27T15:16:15,30213,not_found,,slug resolved (soy-baked-tofu-rice-bowl-mango-cabbage-slaw-cilantro) but json 404'd
2026-09-27T15:16:17,30214,not_found,,slug resolved (soy-baked-tofu-rice-bowl-mango-cabbage-slaw-cilantro) but json 404'd
2026-09-27T15:16:18,30215,not_found,,slug resolved (soy-baked-tofu-rice-bowl-mango-cabbage-slaw-cilantro) but json 404'd
2026-09-27T15:16:20,30216,not_found,,slug resolved (soy-baked-tofu-rice-bowl-mango-cabbage-slaw-cilantro) but json 404'd
2026-09-27T15:16:29,30226,not_found,,slug resolved (soy-baked-salmon-rice-bowl-mango-cabbage-slaw-cilantro) but json 404'd
2026-09-27T15:16:31,30227,not_found,,slug resolved (soy-baked-salmon-rice-bowl-mango-cabbage-slaw-cilantro) but json 404'd
2026-09-27T15:16:33,30228,not_found,,slug resolved (soy-baked-salmon-rice-bowl-mango-cabbage-slaw-cilantro) but json 404'd
2026-09-27T15:16:35,30229,not_found,,slug resolved (soy-baked-tofu-rice-bowl-mango-cabbage-slaw-cilantro) but json 404'd
2026-09-27T15:16:36,30230,not_found,,slug resolved (soy-baked-tofu-rice-bowl-mango-cabbage-slaw-cilantro) but json 404'd
2026-09-27T15:16:37,30231,not_found,,slug resolved (soy-baked-tofu-rice-bowl-mango-cabbage-slaw-cilantro) but json 404'd
2026-09-27T15:16:39,30232,not_found,,slug resolved (soy-baked-tofu-rice-bowl-mango-cabbage-slaw-cilantro) but json 404'd
2026-09-27T15:16:40,30233,not_found,,slug resolved (soy-baked-tofu-rice-bowl-mango-cabbage-slaw-cilantro) but json 404'd
2026-09-27T15:16:42,30234,not_found,,slug resolved (soy-baked-tofu-rice-bowl-mango-cabbage-slaw-cilantro) but json 404'd
2026-09-27T15:17:06,30262,not_found,,slug resolved (baked-veggie-meatballs-tomato-red-sauce-parmesan-broccoli) but json 404'd
2026-09-27T15:17:07,30263,not_found,,slug resolved (baked-veggie-meatballs-tomato-red-sauce-parmesan-broccoli) but json 404'd
2026-09-27T15:17:08,30264,not_found,,slug resolved (baked-veggie-meatballs-tomato-red-sauce-parmesan-broccoli) but json 404'd
2026-09-27T15:17:17,30274,not_found,,slug resolved (baked-veggie-meatballs-tomato-red-sauce-parmesan-broccoli) but json 404'd
2026-09-27T15:17:19,30275,not_found,,slug resolved (baked-veggie-meatballs-tomato-red-sauce-parmesan-broccoli) but json 404'd
2026-09-27T15:17:21,30276,not_found,,slug resolved (baked-veggie-meatballs-tomato-red-sauce-parmesan-broccoli) but json 404'd
2026-09-27T15:17:35,30292,not_found,,slug resolved (grilled-steak-mushroom-salad-creamy-garlic-dressing) but json 404'd
2026-09-27T15:17:38,30293,not_found,,slug resolved (grilled-steak-mushroom-salad-creamy-garlic-dressing) but json 404'd
2026-09-27T15:17:39,30294,not_found,,slug resolved (grilled-steak-mushroom-salad-creamy-garlic-dressing) but json 404'd
2026-09-27T15:17:45,30301,not_found,,slug resolved (grilled-steak-mushroom-salad-creamy-garlic-dressing) but json 404'd
2026-09-27T15:17:47,30302,not_found,,slug resolved (grilled-steak-mushroom-salad-creamy-garlic-dressing) but json 404'd
2026-09-27T15:17:49,30303,not_found,,slug resolved (grilled-steak-mushroom-salad-creamy-garlic-dressing) but json 404'd
2026-09-27T15:19:50,30451,not_found,,slug resolved (apple-beet-slaw-dill-raisins-almonds-pan-fried-sausage) but json 404'd
2026-09-27T15:19:51,30452,not_found,,slug resolved (apple-beet-slaw-dill-raisins-almonds-pan-fried-sausage) but json 404'd
2026-09-27T15:19:53,30453,not_found,,slug resolved (apple-beet-slaw-dill-raisins-almonds-pan-fried-sausage) but json 404'd
2026-09-27T15:20:02,30463,not_found,,no redirect (id does not exist)
2026-09-27T15:20:03,30464,not_found,,no redirect (id does not exist)
2026-09-27T15:20:05,30465,not_found,,no redirect (id does not exist)
2026-09-27T15:20:06,30466,not_found,,no redirect (id does not exist)
2026-09-27T15:20:08,30467,not_found,,no redirect (id does not exist)
2026-09-27T15:20:10,30468,not_found,,no redirect (id does not exist)
2026-09-27T15:20:11,30469,not_found,,no redirect (id does not exist)
2026-09-27T15:20:14,30470,not_found,,no redirect (id does not exist)
2026-09-27T15:20:15,30471,not_found,,no redirect (id does not exist)
2026-09-27T15:20:16,30472,not_found,,no redirect (id does not exist)
2026-09-27T15:20:18,30473,not_found,,no redirect (id does not exist)
2026-09-27T15:20:19,30474,not_found,,no redirect (id does not exist)
2026-09-27T15:20:20,30475,not_found,,no redirect (id does not exist)
2026-09-27T15:20:22,30476,not_found,,no redirect (id does not exist)
2026-09-27T15:20:24,30477,not_found,,no redirect (id does not exist)
2026-09-27T15:20:25,30478,not_found,,no redirect (id does not exist)
2026-09-27T15:20:27,30479,not_found,,no redirect (id does not exist)
2026-09-27T15:20:28,30480,not_found,,no redirect (id does not exist)
2026-09-27T15:20:30,30481,not_found,,no redirect (id does not exist)
2026-09-27T15:20:32,30482,not_found,,no redirect (id does not exist)
2026-09-27T15:20:33,30483,not_found,,no redirect (id does not exist)
2026-09-27T15:20:35,30484,not_found,,no redirect (id does not exist)
2026-09-27T15:20:37,30485,not_found,,no redirect (id does not exist)
2026-09-27T15:20:38,30486,not_found,,no redirect (id does not exist)
2026-09-27T15:20:41,30487,not_found,,no redirect (id does not exist)
2026-09-27T15:20:42,30488,not_found,,no redirect (id does not exist)
2026-09-27T15:20:44,30489,not_found,,no redirect (id does not exist)
2026-09-27T15:20:48,30493,not_found,,slug resolved (spaghetti-carbonara-tempeh-parsley-lemony-kale-salad) but json 404'd
2026-09-27T15:20:49,30494,not_found,,slug resolved (spaghetti-carbonara-tempeh-parsley-lemony-kale-salad) but json 404'd
2026-09-27T15:20:50,30495,not_found,,slug resolved (spaghetti-carbonara-tempeh-parsley-lemony-kale-salad) but json 404'd
2026-09-27T15:20:56,30499,not_found,,slug resolved (spaghetti-carbonara-tempeh-parsley-lemony-kale-salad) but json 404'd
2026-09-27T15:20:57,30500,not_found,,slug resolved (spaghetti-carbonara-tempeh-parsley-lemony-kale-salad) but json 404'd
2026-09-27T15:20:58,30501,not_found,,slug resolved (spaghetti-carbonara-tempeh-parsley-lemony-kale-salad) but json 404'd
2026-09-27T15:21:08,30511,not_found,,slug resolved (tempeh-over-spicy-egg-fried-rice-snap-peas-carrots-cilantro) but json 404'd
2026-09-27T15:21:09,30512,not_found,,slug resolved (tempeh-over-spicy-egg-fried-rice-snap-peas-carrots-cilantro) but json 404'd
2026-09-27T15:21:11,30513,not_found,,slug resolved (tempeh-over-spicy-egg-fried-rice-snap-peas-carrots-cilantro) but json 404'd
2026-09-27T15:21:17,30520,not_found,,slug resolved (scallops-over-spicy-egg-fried-rice-snap-peas-carrots-cilantro) but json 404'd
2026-09-27T15:21:19,30521,not_found,,slug resolved (scallops-over-spicy-egg-fried-rice-snap-peas-carrots-cilantro) but json 404'd
2026-09-27T15:21:21,30522,not_found,,slug resolved (scallops-over-spicy-egg-fried-rice-snap-peas-carrots-cilantro) but json 404'd
2026-09-27T15:21:23,30523,not_found,,slug resolved (tempeh-over-spicy-egg-fried-rice-snap-peas-carrots-cilantro) but json 404'd
2026-09-27T15:21:24,30524,not_found,,slug resolved (tempeh-over-spicy-egg-fried-rice-snap-peas-carrots-cilantro) but json 404'd
2026-09-27T15:21:26,30525,not_found,,slug resolved (tempeh-over-spicy-egg-fried-rice-snap-peas-carrots-cilantro) but json 404'd
2026-09-27T15:21:46,30550,not_found,,slug resolved (turkey-meatballs-baked-zucchini-noodles-cream-sauce-parsley) but json 404'd
2026-09-27T15:21:50,30551,not_found,,slug resolved (turkey-meatballs-baked-zucchini-noodles-cream-sauce-parsley) but json 404'd
2026-09-27T15:21:51,30552,not_found,,slug resolved (turkey-meatballs-baked-zucchini-noodles-cream-sauce-parsley) but json 404'd
2026-09-27T15:21:52,30553,not_found,,slug resolved (veggie-meatballs-baked-zucchini-noodles-cream-sauce-parsley) but json 404'd
2026-09-27T15:21:54,30554,not_found,,slug resolved (veggie-meatballs-baked-zucchini-noodles-cream-sauce-parsley) but json 404'd
2026-09-27T15:21:55,30555,not_found,,slug resolved (veggie-meatballs-baked-zucchini-noodles-cream-sauce-parsley) but json 404'd
2026-09-27T15:22:02,30562,not_found,,slug resolved (turkey-meatballs-baked-zucchini-noodles-cream-sauce-parsley) but json 404'd
2026-09-27T15:22:03,30563,not_found,,slug resolved (turkey-meatballs-baked-zucchini-noodles-cream-sauce-parsley) but json 404'd
2026-09-27T15:22:05,30564,not_found,,slug resolved (turkey-meatballs-baked-zucchini-noodles-cream-sauce-parsley) but json 404'd
2026-09-27T15:22:07,30565,not_found,,slug resolved (veggie-meatballs-baked-zucchini-noodles-cream-sauce-parsley) but json 404'd
2026-09-27T15:22:08,30566,not_found,,slug resolved (veggie-meatballs-baked-zucchini-noodles-cream-sauce-parsley) but json 404'd
2026-09-27T15:22:09,30567,not_found,,slug resolved (veggie-meatballs-baked-zucchini-noodles-cream-sauce-parsley) but json 404'd
2026-09-27T15:22:24,30586,not_found,,slug resolved (grilled-tofu-broccoli-skewers-creamy-chickpea-salad) but json 404'd
2026-09-27T15:22:25,30587,not_found,,slug resolved (grilled-tofu-broccoli-skewers-creamy-chickpea-salad) but json 404'd
2026-09-27T15:22:26,30588,not_found,,slug resolved (grilled-tofu-broccoli-skewers-creamy-chickpea-salad) but json 404'd
2026-09-27T15:22:28,30589,not_found,,slug resolved (grilled-tofu-broccoli-skewers-creamy-chickpea-salad) but json 404'd
2026-09-27T15:22:30,30590,not_found,,slug resolved (grilled-tofu-broccoli-skewers-creamy-chickpea-salad) but json 404'd
2026-09-27T15:22:31,30591,not_found,,slug resolved (grilled-tofu-broccoli-skewers-creamy-chickpea-salad) but json 404'd
2026-09-27T15:22:37,30598,not_found,,slug resolved (grilled-tofu-broccoli-skewers-creamy-chickpea-salad) but json 404'd
2026-09-27T15:22:39,30599,not_found,,slug resolved (grilled-tofu-broccoli-skewers-creamy-chickpea-salad) but json 404'd
2026-09-27T15:22:40,30600,not_found,,slug resolved (grilled-tofu-broccoli-skewers-creamy-chickpea-salad) but json 404'd
2026-09-27T15:22:42,30601,not_found,,slug resolved (grilled-tofu-broccoli-skewers-creamy-chickpea-salad) but json 404'd
2026-09-27T15:22:43,30602,not_found,,slug resolved (grilled-tofu-broccoli-skewers-creamy-chickpea-salad) but json 404'd
2026-09-27T15:22:45,30603,not_found,,slug resolved (grilled-tofu-broccoli-skewers-creamy-chickpea-salad) but json 404'd
2026-09-27T15:22:53,30613,not_found,,slug resolved (poached-tofu-scallion-ginger-sauce-noodles-carrots-bok-choy) but json 404'd
2026-09-27T15:22:55,30614,not_found,,slug resolved (poached-tofu-scallion-ginger-sauce-noodles-carrots-bok-choy) but json 404'd
2026-09-27T15:22:56,30615,not_found,,slug resolved (poached-tofu-scallion-ginger-sauce-noodles-carrots-bok-choy) but json 404'd
2026-09-27T15:22:59,30619,not_found,,slug resolved (poached-tofu-scallion-ginger-sauce-noodles-carrots-bok-choy) but json 404'd
2026-09-27T15:23:01,30620,not_found,,slug resolved (poached-tofu-scallion-ginger-sauce-noodles-carrots-bok-choy) but json 404'd
2026-09-27T15:23:02,30621,not_found,,slug resolved (poached-tofu-scallion-ginger-sauce-noodles-carrots-bok-choy) but json 404'd
2026-09-27T15:23:08,30628,not_found,,slug resolved (grilled-chicken-bell-pepper-zucchini-tacos-spicy-apricot-sauce) but json 404'd
2026-09-27T15:23:09,30629,not_found,,slug resolved (grilled-chicken-bell-pepper-zucchini-tacos-spicy-apricot-sauce) but json 404'd
2026-09-27T15:23:11,30630,not_found,,slug resolved (grilled-chicken-bell-pepper-zucchini-tacos-spicy-apricot-sauce) but json 404'd
2026-09-27T15:23:16,30637,not_found,,slug resolved (grilled-chicken-bell-pepper-zucchini-tacos-spicy-apricot-sauce) but json 404'd
2026-09-27T15:23:17,30638,not_found,,slug resolved (grilled-chicken-bell-pepper-zucchini-tacos-spicy-apricot-sauce) but json 404'd
2026-09-27T15:23:19,30639,not_found,,slug resolved (grilled-chicken-bell-pepper-zucchini-tacos-spicy-apricot-sauce) but json 404'd
2026-09-27T15:23:27,30649,not_found,,slug resolved (lemon-basil-fettuccine-seared-tempeh-broccoli) but json 404'd
2026-09-27T15:23:28,30650,not_found,,slug resolved (lemon-basil-fettuccine-seared-tempeh-broccoli) but json 404'd
2026-09-27T15:23:29,30651,not_found,,slug resolved (lemon-basil-fettuccine-seared-tempeh-broccoli) but json 404'd
2026-09-27T15:23:38,30661,not_found,,slug resolved (lemon-basil-fettuccine-seared-tempeh-broccoli) but json 404'd
2026-09-27T15:23:39,30662,not_found,,slug resolved (lemon-basil-fettuccine-seared-tempeh-broccoli) but json 404'd
2026-09-27T15:23:42,30663,not_found,,slug resolved (lemon-basil-fettuccine-seared-tempeh-broccoli) but json 404'd
2026-09-27T15:23:54,30679,not_found,,slug resolved (mozzarella-bell-pepper-tomato-basil-sandwich-arugula-salad) but json 404'd
2026-09-27T15:23:56,30680,not_found,,slug resolved (mozzarella-bell-pepper-tomato-basil-sandwich-arugula-salad) but json 404'd
2026-09-27T15:23:57,30681,not_found,,slug resolved (mozzarella-bell-pepper-tomato-basil-sandwich-arugula-salad) but json 404'd
2026-09-27T15:24:07,30691,not_found,,slug resolved (mozzarella-bell-pepper-tomato-basil-sandwich-arugula-salad) but json 404'd
2026-09-27T15:24:08,30692,not_found,,slug resolved (mozzarella-bell-pepper-tomato-basil-sandwich-arugula-salad) but json 404'd
2026-09-27T15:24:09,30693,not_found,,slug resolved (mozzarella-bell-pepper-tomato-basil-sandwich-arugula-salad) but json 404'd
2026-09-27T15:24:49,30745,not_found,,slug resolved (caprese-style-spinach-salad-grilled-apricots-tempeh-mozzarella) but json 404'd
2026-09-27T15:24:50,30746,not_found,,slug resolved (caprese-style-spinach-salad-grilled-apricots-tempeh-mozzarella) but json 404'd
2026-09-27T15:24:52,30747,not_found,,slug resolved (caprese-style-spinach-salad-grilled-apricots-tempeh-mozzarella) but json 404'd
2026-09-27T15:24:56,30751,not_found,,slug resolved (caprese-style-spinach-salad-grilled-apricots-tempeh-mozzarella) but json 404'd
2026-09-27T15:24:57,30752,not_found,,slug resolved (caprese-style-spinach-salad-grilled-apricots-tempeh-mozzarella) but json 404'd
2026-09-27T15:24:58,30753,not_found,,slug resolved (caprese-style-spinach-salad-grilled-apricots-tempeh-mozzarella) but json 404'd
2026-09-27T15:25:25,30790,not_found,,slug resolved (sheet-pan-turkey-meatballs-roasted-apples-plums-basil-yogurt) but json 404'd
2026-09-27T15:25:27,30791,not_found,,slug resolved (sheet-pan-turkey-meatballs-roasted-apples-plums-basil-yogurt) but json 404'd
2026-09-27T15:25:28,30792,not_found,,slug resolved (sheet-pan-turkey-meatballs-roasted-apples-plums-basil-yogurt) but json 404'd
2026-09-27T15:25:29,30793,not_found,,slug resolved (sheet-pan-veggie-meatballs-roasted-apples-plums-basil-yogurt) but json 404'd
2026-09-27T15:25:31,30794,not_found,,slug resolved (sheet-pan-veggie-meatballs-roasted-apples-plums-basil-yogurt) but json 404'd
2026-09-27T15:25:32,30795,not_found,,slug resolved (sheet-pan-veggie-meatballs-roasted-apples-plums-basil-yogurt) but json 404'd
2026-09-27T15:25:37,30802,not_found,,slug resolved (sheet-pan-turkey-meatballs-roasted-apples-plums-basil-yogurt) but json 404'd
2026-09-27T15:25:39,30803,not_found,,slug resolved (sheet-pan-turkey-meatballs-roasted-apples-plums-basil-yogurt) but json 404'd
2026-09-27T15:25:40,30804,not_found,,slug resolved (sheet-pan-turkey-meatballs-roasted-apples-plums-basil-yogurt) but json 404'd
2026-09-27T15:25:41,30805,not_found,,slug resolved (sheet-pan-veggie-meatballs-roasted-apples-plums-basil-yogurt) but json 404'd
2026-09-27T15:25:43,30806,not_found,,slug resolved (sheet-pan-veggie-meatballs-roasted-apples-plums-basil-yogurt) but json 404'd
2026-09-27T15:25:44,30807,not_found,,slug resolved (sheet-pan-veggie-meatballs-roasted-apples-plums-basil-yogurt) but json 404'd
2026-09-27T15:25:50,30814,not_found,,slug resolved (grilled-portobello-peanut-satay-bok-choy-edamame-coconut-rice) but json 404'd
2026-09-27T15:25:51,30815,not_found,,slug resolved (grilled-portobello-peanut-satay-bok-choy-edamame-coconut-rice) but json 404'd
2026-09-27T15:25:52,30816,not_found,,slug resolved (grilled-portobello-peanut-satay-bok-choy-edamame-coconut-rice) but json 404'd
2026-09-27T15:25:54,30817,not_found,,slug resolved (grilled-portobello-peanut-satay-bok-choy-edamame-coconut-rice) but json 404'd
2026-09-27T15:25:56,30818,not_found,,slug resolved (grilled-portobello-peanut-satay-bok-choy-edamame-coconut-rice) but json 404'd
2026-09-27T15:25:57,30819,not_found,,slug resolved (grilled-portobello-peanut-satay-bok-choy-edamame-coconut-rice) but json 404'd
2026-09-27T15:26:03,30826,not_found,,slug resolved (grilled-portobello-peanut-satay-bok-choy-edamame-coconut-rice) but json 404'd
2026-09-27T15:26:05,30827,not_found,,slug resolved (grilled-portobello-peanut-satay-bok-choy-edamame-coconut-rice) but json 404'd
2026-09-27T15:26:06,30828,not_found,,slug resolved (grilled-portobello-peanut-satay-bok-choy-edamame-coconut-rice) but json 404'd
2026-09-27T15:26:07,30829,not_found,,slug resolved (grilled-portobello-peanut-satay-bok-choy-edamame-coconut-rice) but json 404'd
2026-09-27T15:26:09,30830,not_found,,slug resolved (grilled-portobello-peanut-satay-bok-choy-edamame-coconut-rice) but json 404'd
2026-09-27T15:26:10,30831,not_found,,slug resolved (grilled-portobello-peanut-satay-bok-choy-edamame-coconut-rice) but json 404'd
2026-09-27T15:28:07,30970,error,,redirect lookup failed: 500 server error
2026-09-27T15:28:23,30971,error,,redirect lookup failed: 500 server error
2026-09-27T15:28:39,30972,error,,redirect lookup failed: 500 server error
2026-09-27T15:28:55,30973,error,,redirect lookup failed: 500 server error
2026-09-27T15:29:11,30974,error,,redirect lookup failed: 500 server error
2026-09-27T15:29:27,30975,error,,redirect lookup failed: 500 server error
2026-09-27T15:29:43,30976,error,,redirect lookup failed: 500 server error
2026-09-27T15:29:59,30977,error,,redirect lookup failed: 500 server error
2026-09-27T15:30:16,30978,error,,redirect lookup failed: 500 server error
2026-09-27T15:30:32,30979,error,,redirect lookup failed: 500 server error
2026-09-27T15:30:48,30980,error,,redirect lookup failed: 500 server error
2026-09-27T15:31:04,30981,error,,redirect lookup failed: 500 server error
2026-09-27T15:31:20,30982,error,,redirect lookup failed: 500 server error
2026-09-27T15:31:36,30983,error,,redirect lookup failed: 500 server error
2026-09-27T15:31:53,30984,error,,redirect lookup failed: 500 server error
2026-09-27T15:32:09,30985,error,,redirect lookup failed: 500 server error
2026-09-27T15:32:26,30986,error,,redirect lookup failed: 500 server error
2026-09-27T15:32:42,30987,error,,redirect lookup failed: 500 server error
2026-09-27T15:33:14,31030,not_found,,slug resolved (spicy-cajun-shrimp-stew-green-onions-bell-pepper-celery-rice) but json 404'd
2026-09-27T15:33:15,31031,not_found,,slug resolved (spicy-cajun-shrimp-stew-green-onions-bell-pepper-celery-rice) but json 404'd
2026-09-27T15:33:16,31032,not_found,,slug resolved (spicy-cajun-shrimp-stew-green-onions-bell-pepper-celery-rice) but json 404'd
2026-09-27T15:33:18,31033,not_found,,slug resolved (spicy-cajun-bean-stew-green-onions-bell-pepper-celery-rice) but json 404'd
2026-09-27T15:33:20,31034,not_found,,slug resolved (spicy-cajun-bean-stew-green-onions-bell-pepper-celery-rice) but json 404'd
2026-09-27T15:33:21,31035,not_found,,slug resolved (spicy-cajun-bean-stew-green-onions-bell-pepper-celery-rice) but json 404'd
2026-09-27T15:33:27,31042,not_found,,slug resolved (spicy-cajun-shrimp-stew-green-onions-bell-pepper-celery-rice) but json 404'd
2026-09-27T15:33:28,31043,not_found,,slug resolved (spicy-cajun-shrimp-stew-green-onions-bell-pepper-celery-rice) but json 404'd
2026-09-27T15:33:30,31044,not_found,,slug resolved (spicy-cajun-shrimp-stew-green-onions-bell-pepper-celery-rice) but json 404'd
2026-09-27T15:33:31,31045,not_found,,slug resolved (spicy-cajun-bean-stew-green-onions-bell-pepper-celery-rice) but json 404'd
2026-09-27T15:33:32,31046,not_found,,slug resolved (spicy-cajun-bean-stew-green-onions-bell-pepper-celery-rice) but json 404'd
2026-09-27T15:33:34,31047,not_found,,slug resolved (spicy-cajun-bean-stew-green-onions-bell-pepper-celery-rice) but json 404'd
2026-09-27T15:34:05,31090,not_found,,slug resolved (egg-scramble-tacos-chard-goat-cheese-prosciutto-tomato-salad) but json 404'd
2026-09-27T15:34:07,31091,not_found,,slug resolved (egg-scramble-tacos-chard-goat-cheese-prosciutto-tomato-salad) but json 404'd
2026-09-27T15:34:08,31092,not_found,,slug resolved (egg-scramble-tacos-chard-goat-cheese-prosciutto-tomato-salad) but json 404'd
2026-09-27T15:34:14,31099,not_found,,slug resolved (egg-scramble-tacos-chard-goat-cheese-prosciutto-tomato-salad) but json 404'd
2026-09-27T15:34:15,31100,not_found,,slug resolved (egg-scramble-tacos-chard-goat-cheese-prosciutto-tomato-salad) but json 404'd
2026-09-27T15:34:16,31101,not_found,,slug resolved (egg-scramble-tacos-chard-goat-cheese-prosciutto-tomato-salad) but json 404'd
2026-09-27T15:34:30,31120,not_found,,slug resolved (strawberry-panzanella-italian-bread-salad-chicken-feta-mint) but json 404'd
2026-09-27T15:34:32,31121,not_found,,slug resolved (strawberry-panzanella-italian-bread-salad-chicken-feta-mint) but json 404'd
2026-09-27T15:34:33,31122,not_found,,slug resolved (strawberry-panzanella-italian-bread-salad-chicken-feta-mint) but json 404'd
2026-09-27T15:34:34,31123,not_found,,slug resolved (strawberry-panzanella-italian-bread-salad-tofu-feta-mint) but json 404'd
2026-09-27T15:34:36,31124,not_found,,slug resolved (strawberry-panzanella-italian-bread-salad-tofu-feta-mint) but json 404'd
2026-09-27T15:34:37,31125,not_found,,slug resolved (strawberry-panzanella-italian-bread-salad-tofu-feta-mint) but json 404'd
2026-09-27T15:34:42,31132,not_found,,slug resolved (strawberry-panzanella-italian-bread-salad-chicken-feta-mint) but json 404'd
2026-09-27T15:34:44,31133,not_found,,slug resolved (strawberry-panzanella-italian-bread-salad-chicken-feta-mint) but json 404'd
2026-09-27T15:34:45,31134,not_found,,slug resolved (strawberry-panzanella-italian-bread-salad-chicken-feta-mint) but json 404'd
2026-09-27T15:34:46,31135,not_found,,slug resolved (strawberry-panzanella-italian-bread-salad-tofu-feta-mint) but json 404'd
2026-09-27T15:34:48,31136,not_found,,slug resolved (strawberry-panzanella-italian-bread-salad-tofu-feta-mint) but json 404'd
2026-09-27T15:34:50,31137,not_found,,slug resolved (strawberry-panzanella-italian-bread-salad-tofu-feta-mint) but json 404'd
2026-09-27T15:34:58,31147,not_found,,slug resolved (veggie-meatball-piccata-skillet-chard-capers-roast-potatoes) but json 404'd
2026-09-27T15:35:00,31148,not_found,,slug resolved (veggie-meatball-piccata-skillet-chard-capers-roast-potatoes) but json 404'd
2026-09-27T15:35:01,31149,not_found,,slug resolved (veggie-meatball-piccata-skillet-chard-capers-roast-potatoes) but json 404'd
2026-09-27T15:35:09,31159,not_found,,slug resolved (veggie-meatball-piccata-skillet-chard-capers-roast-potatoes) but json 404'd
2026-09-27T15:35:10,31160,not_found,,slug resolved (veggie-meatball-piccata-skillet-chard-capers-roast-potatoes) but json 404'd
2026-09-27T15:35:12,31161,not_found,,slug resolved (veggie-meatball-piccata-skillet-chard-capers-roast-potatoes) but json 404'd
2026-09-27T15:35:24,31177,not_found,,slug resolved (italian-style-chopped-salad-white-beans-artichokes-olives) but json 404'd
2026-09-27T15:35:25,31178,not_found,,slug resolved (italian-style-chopped-salad-white-beans-artichokes-olives) but json 404'd
2026-09-27T15:35:26,31179,not_found,,slug resolved (italian-style-chopped-salad-white-beans-artichokes-olives) but json 404'd
2026-09-27T15:35:33,31186,not_found,,slug resolved (italian-style-chopped-salad-white-beans-artichokes-olives) but json 404'd
2026-09-27T15:35:34,31187,not_found,,slug resolved (italian-style-chopped-salad-white-beans-artichokes-olives) but json 404'd
2026-09-27T15:35:35,31188,not_found,,slug resolved (italian-style-chopped-salad-white-beans-artichokes-olives) but json 404'd
2026-09-27T15:36:25,31255,not_found,,slug resolved (warm-green-bean-salad-tempeh-carrot-cucumber-peanut-dressing) but json 404'd
2026-09-27T15:36:26,31256,not_found,,slug resolved (warm-green-bean-salad-tempeh-carrot-cucumber-peanut-dressing) but json 404'd
2026-09-27T15:36:28,31257,not_found,,slug resolved (warm-green-bean-salad-tempeh-carrot-cucumber-peanut-dressing) but json 404'd
2026-09-27T15:36:31,31261,not_found,,slug resolved (warm-green-bean-salad-tempeh-carrot-cucumber-peanut-dressing) but json 404'd
2026-09-27T15:36:32,31262,not_found,,slug resolved (warm-green-bean-salad-tempeh-carrot-cucumber-peanut-dressing) but json 404'd
2026-09-27T15:36:34,31263,not_found,,slug resolved (warm-green-bean-salad-tempeh-carrot-cucumber-peanut-dressing) but json 404'd
2026-09-27T15:36:45,31277,not_found,,slug resolved (greek-chicken-smash-tacos-dill-yogurt-cucumber-tomato-salad) but json 404'd
2026-09-27T15:36:47,31279,not_found,,slug resolved (greek-veggie-ground-smash-tacos-dill-yogurt-cucumber-salad) but json 404'd
2026-09-27T15:36:48,31280,not_found,,slug resolved (greek-veggie-ground-smash-tacos-dill-yogurt-cucumber-salad) but json 404'd
2026-09-27T15:36:50,31281,not_found,,slug resolved (greek-veggie-ground-smash-tacos-dill-yogurt-cucumber-salad) but json 404'd
2026-09-27T15:36:55,31288,not_found,,slug resolved (greek-chicken-smash-tacos-dill-yogurt-cucumber-tomato-salad) but json 404'd
2026-09-27T15:36:57,31289,not_found,,slug resolved (greek-chicken-smash-tacos-dill-yogurt-cucumber-tomato-salad) but json 404'd
2026-09-27T15:36:58,31290,not_found,,slug resolved (greek-chicken-smash-tacos-dill-yogurt-cucumber-tomato-salad) but json 404'd
2026-09-27T15:36:59,31291,not_found,,slug resolved (greek-veggie-ground-smash-tacos-dill-yogurt-cucumber-salad) but json 404'd
2026-09-27T15:37:01,31292,not_found,,slug resolved (greek-veggie-ground-smash-tacos-dill-yogurt-cucumber-salad) but json 404'd
2026-09-27T15:37:02,31293,not_found,,slug resolved (greek-veggie-ground-smash-tacos-dill-yogurt-cucumber-salad) but json 404'd
2026-09-27T15:37:25,31324,not_found,,slug resolved (sweet-n-sour-chicken-stir-fry-plums-bok-choy-rice) but json 404'd
2026-09-27T15:37:26,31325,not_found,,slug resolved (sweet-n-sour-chicken-stir-fry-plums-bok-choy-rice) but json 404'd
2026-09-27T15:37:28,31326,not_found,,slug resolved (sweet-n-sour-chicken-stir-fry-plums-bok-choy-rice) but json 404'd
2026-09-27T15:37:29,31327,not_found,,slug resolved (sweet-n-sour-veggie-ground-stir-fry-plums-bok-choy-rice) but json 404'd
2026-09-27T15:37:31,31328,not_found,,slug resolved (sweet-n-sour-veggie-ground-stir-fry-plums-bok-choy-rice) but json 404'd
2026-09-27T15:37:32,31329,not_found,,slug resolved (sweet-n-sour-veggie-ground-stir-fry-plums-bok-choy-rice) but json 404'd
2026-09-27T15:37:38,31336,not_found,,slug resolved (sweet-n-sour-chicken-stir-fry-plums-bok-choy-rice) but json 404'd
2026-09-27T15:37:39,31337,not_found,,slug resolved (sweet-n-sour-chicken-stir-fry-plums-bok-choy-rice) but json 404'd
2026-09-27T15:37:40,31338,not_found,,slug resolved (sweet-n-sour-chicken-stir-fry-plums-bok-choy-rice) but json 404'd
2026-09-27T15:37:41,31339,not_found,,slug resolved (sweet-n-sour-veggie-ground-stir-fry-plums-bok-choy-rice) but json 404'd
2026-09-27T15:37:43,31340,not_found,,slug resolved (sweet-n-sour-veggie-ground-stir-fry-plums-bok-choy-rice) but json 404'd
2026-09-27T15:37:44,31341,not_found,,slug resolved (sweet-n-sour-veggie-ground-stir-fry-plums-bok-choy-rice) but json 404'd
2026-09-27T15:37:52,31351,not_found,,slug resolved (curried-cottage-cheese-fritters-mint-raita-mango-pepper-salad) but json 404'd
2026-09-27T15:37:53,31352,not_found,,slug resolved (curried-cottage-cheese-fritters-mint-raita-mango-pepper-salad) but json 404'd
2026-09-27T15:37:55,31353,not_found,,slug resolved (curried-cottage-cheese-fritters-mint-raita-mango-pepper-salad) but json 404'd
2026-09-27T15:37:59,31357,not_found,,slug resolved (curried-cottage-cheese-fritters-mint-raita-mango-pepper-salad) but json 404'd
2026-09-27T15:38:00,31358,not_found,,slug resolved (curried-cottage-cheese-fritters-mint-raita-mango-pepper-salad) but json 404'd
2026-09-27T15:38:01,31359,not_found,,slug resolved (curried-cottage-cheese-fritters-mint-raita-mango-pepper-salad) but json 404'd
2026-09-27T15:38:14,31375,not_found,,slug resolved (cherry-glazed-chicken-wings-roast-potatoes-fennel-celery-salad) but json 404'd
2026-09-27T15:38:15,31376,not_found,,slug resolved (cherry-glazed-chicken-wings-roast-potatoes-fennel-celery-salad) but json 404'd
2026-09-27T15:38:16,31377,not_found,,slug resolved (cherry-glazed-chicken-wings-roast-potatoes-fennel-celery-salad) but json 404'd
2026-09-27T15:38:20,31381,not_found,,slug resolved (cherry-glazed-chicken-wings-roast-potatoes-fennel-celery-salad) but json 404'd
2026-09-27T15:38:21,31382,not_found,,slug resolved (cherry-glazed-chicken-wings-roast-potatoes-fennel-celery-salad) but json 404'd
2026-09-27T15:38:22,31383,not_found,,slug resolved (cherry-glazed-chicken-wings-roast-potatoes-fennel-celery-salad) but json 404'd
2026-09-27T15:38:32,31396,not_found,,slug resolved (cheesy-pork-stuffed-peppers-crispy-bread-crumbs-dressed-arugula) but json 404'd
2026-09-27T15:38:33,31397,not_found,,slug resolved (cheesy-pork-stuffed-peppers-crispy-bread-crumbs-dressed-arugula) but json 404'd
2026-09-27T15:38:35,31398,not_found,,slug resolved (cheesy-pork-stuffed-peppers-crispy-bread-crumbs-dressed-arugula) but json 404'd
2026-09-27T15:38:36,31399,not_found,,slug resolved (cheesy-veggie-ground-stuffed-peppers-bread-crumbs-arugula) but json 404'd
2026-09-27T15:38:37,31400,not_found,,slug resolved (cheesy-veggie-ground-stuffed-peppers-bread-crumbs-arugula) but json 404'd
2026-09-27T15:38:39,31401,not_found,,slug resolved (cheesy-veggie-ground-stuffed-peppers-bread-crumbs-arugula) but json 404'd
2026-09-27T15:38:44,31408,not_found,,slug resolved (cheesy-pork-stuffed-peppers-crispy-bread-crumbs-dressed-arugula) but json 404'd
2026-09-27T15:38:46,31409,not_found,,slug resolved (cheesy-pork-stuffed-peppers-crispy-bread-crumbs-dressed-arugula) but json 404'd
2026-09-27T15:38:47,31410,not_found,,slug resolved (cheesy-pork-stuffed-peppers-crispy-bread-crumbs-dressed-arugula) but json 404'd
2026-09-27T15:38:48,31411,not_found,,slug resolved (cheesy-veggie-ground-stuffed-peppers-bread-crumbs-arugula) but json 404'd
2026-09-27T15:38:50,31412,not_found,,slug resolved (cheesy-veggie-ground-stuffed-peppers-bread-crumbs-arugula) but json 404'd
2026-09-27T15:38:51,31413,not_found,,slug resolved (cheesy-veggie-ground-stuffed-peppers-bread-crumbs-arugula) but json 404'd
2026-09-27T15:38:52,31414,not_found,,no redirect (id does not exist)
2026-09-27T15:38:53,31415,not_found,,no redirect (id does not exist)
2026-09-27T15:38:55,31416,not_found,,no redirect (id does not exist)
2026-09-27T15:38:56,31417,not_found,,no redirect (id does not exist)
2026-09-27T15:38:57,31418,not_found,,no redirect (id does not exist)
2026-09-27T15:38:58,31419,not_found,,no redirect (id does not exist)
2026-09-27T15:39:00,31420,not_found,,no redirect (id does not exist)
2026-09-27T15:39:01,31421,not_found,,no redirect (id does not exist)
2026-09-27T15:39:02,31422,not_found,,no redirect (id does not exist)
2026-09-27T15:39:11,31432,not_found,,slug resolved (spinach-salad-tempeh-blueberry-plum-pistachio-goat-cheese) but json 404'd
2026-09-27T15:39:12,31433,not_found,,slug resolved (spinach-salad-tempeh-blueberry-plum-pistachio-goat-cheese) but json 404'd
2026-09-27T15:39:13,31434,not_found,,slug resolved (spinach-salad-tempeh-blueberry-plum-pistachio-goat-cheese) but json 404'd
2026-09-27T15:39:15,31435,not_found,,slug resolved (spinach-salad-tempeh-blueberries-plums-pistachios) but json 404'd
2026-09-27T15:39:16,31436,not_found,,slug resolved (spinach-salad-tempeh-blueberries-plums-pistachios) but json 404'd
2026-09-27T15:39:17,31437,not_found,,slug resolved (spinach-salad-tempeh-blueberries-plums-pistachios) but json 404'd
2026-09-27T15:39:25,31447,not_found,,slug resolved (spinach-salad-tempeh-blueberry-plum-pistachio-goat-cheese) but json 404'd
2026-09-27T15:39:27,31448,not_found,,slug resolved (spinach-salad-tempeh-blueberry-plum-pistachio-goat-cheese) but json 404'd
2026-09-27T15:39:28,31449,not_found,,slug resolved (spinach-salad-tempeh-blueberry-plum-pistachio-goat-cheese) but json 404'd
2026-09-27T15:39:30,31450,not_found,,slug resolved (spinach-salad-tempeh-blueberries-plums-pistachios) but json 404'd
2026-09-27T15:39:31,31451,not_found,,slug resolved (spinach-salad-tempeh-blueberries-plums-pistachios) but json 404'd
2026-09-27T15:39:32,31452,not_found,,slug resolved (spinach-salad-tempeh-blueberries-plums-pistachios) but json 404'd
2026-09-27T15:39:38,31459,not_found,,slug resolved (parmesan-cauliflower-rice-ground-beef-mushrooms-spinach) but json 404'd
2026-09-27T15:39:39,31460,not_found,,slug resolved (parmesan-cauliflower-rice-ground-beef-mushrooms-spinach) but json 404'd
2026-09-27T15:39:40,31461,not_found,,slug resolved (parmesan-cauliflower-rice-ground-beef-mushrooms-spinach) but json 404'd
2026-09-27T15:39:46,31468,not_found,,slug resolved (parmesan-cauliflower-rice-ground-beef-mushrooms-spinach) but json 404'd
2026-09-27T15:39:47,31469,not_found,,slug resolved (parmesan-cauliflower-rice-ground-beef-mushrooms-spinach) but json 404'd
2026-09-27T15:39:49,31470,not_found,,slug resolved (parmesan-cauliflower-rice-ground-beef-mushrooms-spinach) but json 404'd
2026-09-27T15:39:54,31477,not_found,,slug resolved (cheesy-tempeh-reuben-in-bowl-cabbage-special-sauce) but json 404'd
2026-09-27T15:39:56,31478,not_found,,slug resolved (cheesy-tempeh-reuben-in-bowl-cabbage-special-sauce) but json 404'd
2026-09-27T15:39:57,31479,not_found,,slug resolved (cheesy-tempeh-reuben-in-bowl-cabbage-special-sauce) but json 404'd
2026-09-27T15:40:03,31486,not_found,,slug resolved (cheesy-tempeh-reuben-in-bowl-cabbage-special-sauce) but json 404'd
2026-09-27T15:40:05,31487,not_found,,slug resolved (cheesy-tempeh-reuben-in-bowl-cabbage-special-sauce) but json 404'd
2026-09-27T15:40:06,31488,not_found,,slug resolved (cheesy-tempeh-reuben-in-bowl-cabbage-special-sauce) but json 404'd
2026-09-27T15:40:18,31504,not_found,,slug resolved (tempeh-salad-roasted-potatoes-romaine-creamy-dijon-dressing) but json 404'd
2026-09-27T15:40:19,31505,not_found,,slug resolved (tempeh-salad-roasted-potatoes-romaine-creamy-dijon-dressing) but json 404'd
2026-09-27T15:40:21,31506,not_found,,slug resolved (tempeh-salad-roasted-potatoes-romaine-creamy-dijon-dressing) but json 404'd
2026-09-27T15:40:22,31507,not_found,,slug resolved (tempeh-salad-roasted-potatoes-romaine-creamy-dijon-dressing) but json 404'd
2026-09-27T15:40:23,31508,not_found,,slug resolved (tempeh-salad-roasted-potatoes-romaine-creamy-dijon-dressing) but json 404'd
2026-09-27T15:40:25,31509,not_found,,slug resolved (tempeh-salad-roasted-potatoes-romaine-creamy-dijon-dressing) but json 404'd
2026-09-27T15:40:32,31519,not_found,,slug resolved (tempeh-salad-roasted-potatoes-romaine-creamy-dijon-dressing) but json 404'd
2026-09-27T15:40:34,31520,not_found,,slug resolved (tempeh-salad-roasted-potatoes-romaine-creamy-dijon-dressing) but json 404'd
2026-09-27T15:40:35,31521,not_found,,slug resolved (tempeh-salad-roasted-potatoes-romaine-creamy-dijon-dressing) but json 404'd
2026-09-27T15:40:36,31522,not_found,,slug resolved (tempeh-salad-roasted-potatoes-romaine-creamy-dijon-dressing) but json 404'd
2026-09-27T15:40:38,31523,not_found,,slug resolved (tempeh-salad-roasted-potatoes-romaine-creamy-dijon-dressing) but json 404'd
2026-09-27T15:40:39,31524,not_found,,slug resolved (tempeh-salad-roasted-potatoes-romaine-creamy-dijon-dressing) but json 404'd
2026-09-27T15:40:47,31534,not_found,,slug resolved (kung-pao-chicken-wings-peanuts-broccoli-water-chestnut-slaw) but json 404'd
2026-09-27T15:40:48,31535,not_found,,slug resolved (kung-pao-chicken-wings-peanuts-broccoli-water-chestnut-slaw) but json 404'd
2026-09-27T15:40:49,31536,not_found,,slug resolved (kung-pao-chicken-wings-peanuts-broccoli-water-chestnut-slaw) but json 404'd
2026-09-27T15:41:17,31573,not_found,,slug resolved (thai-style-soba-noodle-soup-khao-soi-bok-choy-snap-peas) but json 404'd
2026-09-27T15:41:19,31574,not_found,,slug resolved (thai-style-soba-noodle-soup-khao-soi-bok-choy-snap-peas) but json 404'd
2026-09-27T15:41:20,31575,not_found,,slug resolved (thai-style-soba-noodle-soup-khao-soi-bok-choy-snap-peas) but json 404'd
2026-09-27T15:41:21,31576,not_found,,slug resolved (thai-style-soba-noodle-soup-khao-soi-bok-choy-snap-peas) but json 404'd
2026-09-27T15:41:23,31577,not_found,,slug resolved (thai-style-soba-noodle-soup-khao-soi-bok-choy-snap-peas) but json 404'd
2026-09-27T15:41:24,31578,not_found,,slug resolved (thai-style-soba-noodle-soup-khao-soi-bok-choy-snap-peas) but json 404'd
2026-09-27T15:41:30,31585,not_found,,slug resolved (thai-style-soba-noodle-soup-khao-soi-bok-choy-snap-peas) but json 404'd
2026-09-27T15:41:31,31586,not_found,,slug resolved (thai-style-soba-noodle-soup-khao-soi-bok-choy-snap-peas) but json 404'd
2026-09-27T15:41:32,31587,not_found,,slug resolved (thai-style-soba-noodle-soup-khao-soi-bok-choy-snap-peas) but json 404'd
2026-09-27T15:41:34,31588,not_found,,slug resolved (thai-style-soba-noodle-soup-khao-soi-bok-choy-snap-peas) but json 404'd
2026-09-27T15:41:35,31589,not_found,,slug resolved (thai-style-soba-noodle-soup-khao-soi-bok-choy-snap-peas) but json 404'd
2026-09-27T15:41:36,31590,not_found,,slug resolved (thai-style-soba-noodle-soup-khao-soi-bok-choy-snap-peas) but json 404'd
2026-09-27T15:42:03,31627,not_found,,slug resolved (sheet-pan-cheesy-tex-mex-mini-meatloaves-bell-peppers-onions) but json 404'd
2026-09-27T15:42:04,31628,not_found,,slug resolved (sheet-pan-cheesy-tex-mex-mini-meatloaves-bell-peppers-onions) but json 404'd
2026-09-27T15:42:06,31629,not_found,,slug resolved (sheet-pan-cheesy-tex-mex-mini-meatloaves-bell-peppers-onions) but json 404'd
2026-09-27T15:42:07,31630,not_found,,slug resolved (sheet-pan-tex-mex-mini-veggie-meatloaves-bell-peppers-onions) but json 404'd
2026-09-27T15:42:08,31631,not_found,,slug resolved (sheet-pan-tex-mex-mini-veggie-meatloaves-bell-peppers-onions) but json 404'd
2026-09-27T15:42:10,31632,not_found,,slug resolved (sheet-pan-tex-mex-mini-veggie-meatloaves-bell-peppers-onions) but json 404'd
2026-09-27T15:42:15,31639,not_found,,slug resolved (sheet-pan-cheesy-tex-mex-mini-meatloaves-bell-peppers-onions) but json 404'd
2026-09-27T15:42:17,31640,not_found,,slug resolved (sheet-pan-cheesy-tex-mex-mini-meatloaves-bell-peppers-onions) but json 404'd
2026-09-27T15:42:18,31641,not_found,,slug resolved (sheet-pan-cheesy-tex-mex-mini-meatloaves-bell-peppers-onions) but json 404'd
2026-09-27T15:42:19,31642,not_found,,slug resolved (sheet-pan-tex-mex-mini-veggie-meatloaves-bell-peppers-onions) but json 404'd
2026-09-27T15:42:21,31643,not_found,,slug resolved (sheet-pan-tex-mex-mini-veggie-meatloaves-bell-peppers-onions) but json 404'd
2026-09-27T15:42:22,31644,not_found,,slug resolved (sheet-pan-tex-mex-mini-veggie-meatloaves-bell-peppers-onions) but json 404'd
2026-09-27T15:42:39,31666,not_found,,slug resolved (coconut-shrimp-tacos-spicy-pineapple-avocado-jalapeno-salad) but json 404'd
2026-09-27T15:42:40,31667,not_found,,slug resolved (coconut-shrimp-tacos-spicy-pineapple-avocado-jalapeno-salad) but json 404'd
2026-09-27T15:42:44,31672,not_found,,slug resolved (coconut-shrimp-tacos-spicy-pineapple-avocado-jalapeno-salad) but json 404'd
2026-09-27T15:42:46,31673,not_found,,slug resolved (coconut-shrimp-tacos-spicy-pineapple-avocado-jalapeno-salad) but json 404'd
2026-09-27T15:42:47,31674,not_found,,slug resolved (coconut-shrimp-tacos-spicy-pineapple-avocado-jalapeno-salad) but json 404'd
2026-09-27T15:43:02,31693,not_found,,slug resolved (saucy-cashew-lime-chicken-basil-over-zucchini-carrot-noodles) but json 404'd
2026-09-27T15:43:03,31694,not_found,,slug resolved (saucy-cashew-lime-chicken-basil-over-zucchini-carrot-noodles) but json 404'd
2026-09-27T15:43:04,31695,not_found,,slug resolved (saucy-cashew-lime-chicken-basil-over-zucchini-carrot-noodles) but json 404'd
2026-09-27T15:43:06,31696,not_found,,slug resolved (saucy-cashew-lime-veggie-ground-over-zucchini-carrot-noodles) but json 404'd
2026-09-27T15:43:07,31697,not_found,,slug resolved (saucy-cashew-lime-veggie-ground-over-zucchini-carrot-noodles) but json 404'd
2026-09-27T15:43:08,31698,not_found,,slug resolved (saucy-cashew-lime-veggie-ground-over-zucchini-carrot-noodles) but json 404'd
2026-09-27T15:43:14,31705,not_found,,slug resolved (saucy-cashew-lime-chicken-basil-over-zucchini-carrot-noodles) but json 404'd
2026-09-27T15:43:15,31706,not_found,,slug resolved (saucy-cashew-lime-chicken-basil-over-zucchini-carrot-noodles) but json 404'd
2026-09-27T15:43:16,31707,not_found,,slug resolved (saucy-cashew-lime-chicken-basil-over-zucchini-carrot-noodles) but json 404'd
2026-09-27T15:43:18,31708,not_found,,slug resolved (saucy-cashew-lime-veggie-ground-over-zucchini-carrot-noodles) but json 404'd
2026-09-27T15:43:19,31709,not_found,,slug resolved (saucy-cashew-lime-veggie-ground-over-zucchini-carrot-noodles) but json 404'd
2026-09-27T15:43:20,31710,not_found,,slug resolved (saucy-cashew-lime-veggie-ground-over-zucchini-carrot-noodles) but json 404'd
2026-09-27T15:43:28,31720,not_found,,slug resolved (hearty-tuscan-pork-sausage-pumpkin-spinach-soup-parmesan) but json 404'd
2026-09-27T15:43:30,31721,not_found,,slug resolved (hearty-tuscan-pork-sausage-pumpkin-spinach-soup-parmesan) but json 404'd
2026-09-27T15:43:31,31722,not_found,,slug resolved (hearty-tuscan-pork-sausage-pumpkin-spinach-soup-parmesan) but json 404'd
2026-09-27T15:43:32,31723,not_found,,slug resolved (hearty-tuscan-veggie-ground-pumpkin-spinach-soup-parmesan) but json 404'd
2026-09-27T15:43:34,31724,not_found,,slug resolved (hearty-tuscan-veggie-ground-pumpkin-spinach-soup-parmesan) but json 404'd
2026-09-27T15:43:35,31725,not_found,,slug resolved (hearty-tuscan-veggie-ground-pumpkin-spinach-soup-parmesan) but json 404'd
2026-09-27T15:43:36,31726,not_found,,slug resolved (hearty-tuscan-veggie-ground-pumpkin-spinach-soup-parsley) but json 404'd
2026-09-27T15:43:38,31727,not_found,,slug resolved (hearty-tuscan-veggie-ground-pumpkin-spinach-soup-parsley) but json 404'd
2026-09-27T15:43:39,31728,not_found,,slug resolved (hearty-tuscan-veggie-ground-pumpkin-spinach-soup-parsley) but json 404'd
2026-09-27T15:43:47,31738,not_found,,slug resolved (hearty-tuscan-pork-sausage-pumpkin-spinach-soup-parmesan) but json 404'd
2026-09-27T15:43:48,31739,not_found,,slug resolved (hearty-tuscan-pork-sausage-pumpkin-spinach-soup-parmesan) but json 404'd
2026-09-27T15:43:49,31740,not_found,,slug resolved (hearty-tuscan-pork-sausage-pumpkin-spinach-soup-parmesan) but json 404'd
2026-09-27T15:43:51,31741,not_found,,slug resolved (hearty-tuscan-veggie-ground-pumpkin-spinach-soup-parmesan) but json 404'd
2026-09-27T15:43:52,31742,not_found,,slug resolved (hearty-tuscan-veggie-ground-pumpkin-spinach-soup-parmesan) but json 404'd
2026-09-27T15:43:53,31743,not_found,,slug resolved (hearty-tuscan-veggie-ground-pumpkin-spinach-soup-parmesan) but json 404'd
2026-09-27T15:43:55,31744,not_found,,slug resolved (hearty-tuscan-veggie-ground-pumpkin-spinach-soup-parsley) but json 404'd
2026-09-27T15:43:56,31745,not_found,,slug resolved (hearty-tuscan-veggie-ground-pumpkin-spinach-soup-parsley) but json 404'd
2026-09-27T15:43:57,31746,not_found,,slug resolved (hearty-tuscan-veggie-ground-pumpkin-spinach-soup-parsley) but json 404'd
2026-09-27T15:44:01,31750,not_found,,slug resolved (thai-glazed-tempeh-crumbles-pickled-veggies-avocado-rice) but json 404'd
2026-09-27T15:44:02,31751,not_found,,slug resolved (thai-glazed-tempeh-crumbles-pickled-veggies-avocado-rice) but json 404'd
2026-09-27T15:44:03,31752,not_found,,slug resolved (thai-glazed-tempeh-crumbles-pickled-veggies-avocado-rice) but json 404'd
2026-09-27T15:44:07,31756,not_found,,slug resolved (thai-glazed-tempeh-crumbles-pickled-veggies-avocado-rice) but json 404'd
2026-09-27T15:44:08,31757,not_found,,slug resolved (thai-glazed-tempeh-crumbles-pickled-veggies-avocado-rice) but json 404'd
2026-09-27T15:44:10,31758,not_found,,slug resolved (thai-glazed-tempeh-crumbles-pickled-veggies-avocado-rice) but json 404'd
2026-09-27T15:44:58,31825,not_found,,slug resolved (moroccan-grilled-meatballs-yogurt-sauce-beet-salad) but json 404'd
2026-09-27T15:44:59,31826,not_found,,slug resolved (moroccan-grilled-meatballs-yogurt-sauce-beet-salad) but json 404'd
2026-09-27T15:45:01,31827,not_found,,slug resolved (moroccan-grilled-meatballs-yogurt-sauce-beet-salad) but json 404'd
2026-09-27T15:45:02,31828,not_found,,slug resolved (moroccan-grilled-meatballs-yogurt-sauce-beet-salad) but json 404'd
2026-09-27T15:45:03,31829,not_found,,slug resolved (moroccan-grilled-meatballs-yogurt-sauce-beet-salad) but json 404'd
2026-09-27T15:45:05,31830,not_found,,slug resolved (moroccan-grilled-meatballs-yogurt-sauce-beet-salad) but json 404'd
2026-09-27T15:45:10,31837,not_found,,slug resolved (moroccan-grilled-meatballs-yogurt-sauce-beet-salad) but json 404'd
2026-09-27T15:45:12,31838,not_found,,slug resolved (moroccan-grilled-meatballs-yogurt-sauce-beet-salad) but json 404'd
2026-09-27T15:45:13,31839,not_found,,slug resolved (moroccan-grilled-meatballs-yogurt-sauce-beet-salad) but json 404'd
2026-09-27T15:45:14,31840,not_found,,slug resolved (moroccan-grilled-meatballs-yogurt-sauce-beet-salad) but json 404'd
2026-09-27T15:45:16,31841,not_found,,slug resolved (moroccan-grilled-meatballs-yogurt-sauce-beet-salad) but json 404'd
2026-09-27T15:45:17,31842,not_found,,slug resolved (moroccan-grilled-meatballs-yogurt-sauce-beet-salad) but json 404'd
2026-09-27T15:45:58,31897,not_found,,slug resolved (cajun-macaroni-salad-kidney-beans-corn-peppers-green-onion) but json 404'd
2026-09-27T15:45:59,31898,not_found,,slug resolved (cajun-macaroni-salad-kidney-beans-corn-peppers-green-onion) but json 404'd
2026-09-27T15:46:01,31899,not_found,,slug resolved (cajun-macaroni-salad-kidney-beans-corn-peppers-green-onion) but json 404'd
2026-09-27T15:46:02,31900,not_found,,slug resolved (cajun-macaroni-salad-kidney-beans-corn-peppers-green-onion) but json 404'd
2026-09-27T15:46:03,31901,not_found,,slug resolved (cajun-macaroni-salad-kidney-beans-corn-peppers-green-onion) but json 404'd
2026-09-27T15:46:05,31902,not_found,,slug resolved (cajun-macaroni-salad-kidney-beans-corn-peppers-green-onion) but json 404'd
2026-09-27T15:46:11,31909,not_found,,slug resolved (cajun-macaroni-salad-kidney-beans-corn-peppers-green-onion) but json 404'd
2026-09-27T15:46:12,31910,not_found,,slug resolved (cajun-macaroni-salad-kidney-beans-corn-peppers-green-onion) but json 404'd
2026-09-27T15:46:13,31911,not_found,,slug resolved (cajun-macaroni-salad-kidney-beans-corn-peppers-green-onion) but json 404'd
2026-09-27T15:46:15,31912,not_found,,slug resolved (cajun-macaroni-salad-kidney-beans-corn-peppers-green-onion) but json 404'd
2026-09-27T15:46:16,31913,not_found,,slug resolved (cajun-macaroni-salad-kidney-beans-corn-peppers-green-onion) but json 404'd
2026-09-27T15:46:17,31914,not_found,,slug resolved (cajun-macaroni-salad-kidney-beans-corn-peppers-green-onion) but json 404'd
2026-09-27T15:46:46,31954,not_found,,slug resolved (crispy-eggplant-tomato-stacks-fresh-mozzarella-pine-nut-greens) but json 404'd
2026-09-27T15:46:48,31955,not_found,,slug resolved (crispy-eggplant-tomato-stacks-fresh-mozzarella-pine-nut-greens) but json 404'd
2026-09-27T15:46:49,31956,not_found,,slug resolved (crispy-eggplant-tomato-stacks-fresh-mozzarella-pine-nut-greens) but json 404'd
2026-09-27T15:46:53,31960,not_found,,slug resolved (crispy-eggplant-tomato-stacks-fresh-mozzarella-pine-nut-greens) but json 404'd
2026-09-27T15:46:54,31961,not_found,,slug resolved (crispy-eggplant-tomato-stacks-fresh-mozzarella-pine-nut-greens) but json 404'd
2026-09-27T15:46:55,31962,not_found,,slug resolved (crispy-eggplant-tomato-stacks-fresh-mozzarella-pine-nut-greens) but json 404'd
2026-09-27T15:46:57,31963,not_found,,slug resolved (grilled-pork-chop-raw-brussels-sprout-orange-avocado-salad) but json 404'd
2026-09-27T15:46:58,31964,not_found,,slug resolved (grilled-pork-chop-raw-brussels-sprout-orange-avocado-salad) but json 404'd
2026-09-27T15:46:59,31965,not_found,,slug resolved (grilled-pork-chop-raw-brussels-sprout-orange-avocado-salad) but json 404'd
2026-09-27T15:47:01,31966,not_found,,slug resolved (grilled-pork-chop-raw-brussels-sprout-orange-avocado-salad) but json 404'd
2026-09-27T15:47:02,31967,not_found,,slug resolved (grilled-pork-chop-raw-brussels-sprout-orange-avocado-salad) but json 404'd
2026-09-27T15:47:03,31968,not_found,,slug resolved (grilled-pork-chop-raw-brussels-sprout-orange-avocado-salad) but json 404'd
2026-09-27T15:47:05,31969,not_found,,slug resolved (grilled-pork-chop-raw-brussels-sprout-orange-avocado-salad) but json 404'd
2026-09-27T15:47:06,31970,not_found,,slug resolved (grilled-pork-chop-raw-brussels-sprout-orange-avocado-salad) but json 404'd
2026-09-27T15:47:08,31971,not_found,,slug resolved (grilled-pork-chop-raw-brussels-sprout-orange-avocado-salad) but json 404'd
2026-09-27T15:47:09,31972,not_found,,slug resolved (grilled-pork-chop-raw-brussels-sprout-orange-avocado-salad) but json 404'd
2026-09-27T15:47:10,31973,not_found,,slug resolved (grilled-pork-chop-raw-brussels-sprout-orange-avocado-salad) but json 404'd
2026-09-27T15:47:12,31974,not_found,,slug resolved (grilled-pork-chop-raw-brussels-sprout-orange-avocado-salad) but json 404'd
2026-09-27T15:47:26,31993,not_found,,slug resolved (arugula-salad-tempeh-chickpeas-creamy-cilantro-dressing) but json 404'd
2026-09-27T15:47:27,31994,not_found,,slug resolved (arugula-salad-tempeh-chickpeas-creamy-cilantro-dressing) but json 404'd
2026-09-27T15:47:28,31995,not_found,,slug resolved (arugula-salad-tempeh-chickpeas-creamy-cilantro-dressing) but json 404'd
2026-09-27T15:47:34,32002,not_found,,slug resolved (arugula-salad-tempeh-chickpeas-creamy-cilantro-dressing) but json 404'd
2026-09-27T15:47:35,32003,not_found,,slug resolved (arugula-salad-tempeh-chickpeas-creamy-cilantro-dressing) but json 404'd
2026-09-27T15:47:37,32004,not_found,,slug resolved (arugula-salad-tempeh-chickpeas-creamy-cilantro-dressing) but json 404'd
2026-09-27T15:47:49,32020,not_found,,slug resolved (mongolian-beef-meatball-lettuce-wraps-sesame-roasted-broccoli) but json 404'd
2026-09-27T15:47:50,32021,not_found,,slug resolved (mongolian-beef-meatball-lettuce-wraps-sesame-roasted-broccoli) but json 404'd
2026-09-27T15:47:52,32022,not_found,,slug resolved (mongolian-beef-meatball-lettuce-wraps-sesame-roasted-broccoli) but json 404'd
2026-09-27T15:47:55,32026,not_found,,slug resolved (mongolian-beef-meatball-lettuce-wraps-sesame-roasted-broccoli) but json 404'd
2026-09-27T15:47:56,32027,not_found,,slug resolved (mongolian-beef-meatball-lettuce-wraps-sesame-roasted-broccoli) but json 404'd
2026-09-27T15:47:58,32028,not_found,,slug resolved (mongolian-beef-meatball-lettuce-wraps-sesame-roasted-broccoli) but json 404'd
2026-09-27T15:48:23,32041,error,,redirect lookup failed: 500 server error
2026-09-27T15:48:39,32042,error,,redirect lookup failed: 500 server error
2026-09-27T15:48:55,32043,error,,redirect lookup failed: 500 server error
2026-09-27T15:49:11,32044,error,,redirect lookup failed: 500 server error
2026-09-27T15:49:27,32045,error,,redirect lookup failed: 500 server error
2026-09-27T15:49:43,32046,error,,redirect lookup failed: 500 server error
2026-09-27T15:49:59,32047,error,,redirect lookup failed: 500 server error
2026-09-27T15:50:16,32048,error,,redirect lookup failed: 500 server error
2026-09-27T15:50:32,32049,error,,redirect lookup failed: 500 server error
2026-09-27T15:50:49,32050,error,,redirect lookup failed: 500 server error
2026-09-27T15:51:06,32051,error,,redirect lookup failed: 500 server error
2026-09-27T15:51:22,32052,error,,redirect lookup failed: 500 server error
2026-09-27T15:51:40,32077,not_found,,slug resolved (smoky-salmon-coconut-rice-bowl-cucumber-mango-yogurt-sauce) but json 404'd
2026-09-27T15:51:43,32080,not_found,,slug resolved (smoky-tofu-coconut-rice-bowl-cucumber-mango-spicy-yogurt-sauce) but json 404'd
2026-09-27T15:51:44,32081,not_found,,slug resolved (smoky-tofu-coconut-rice-bowl-cucumber-mango-spicy-yogurt-sauce) but json 404'd
2026-09-27T15:51:45,32082,not_found,,slug resolved (smoky-tofu-coconut-rice-bowl-cucumber-mango-spicy-yogurt-sauce) but json 404'd
2026-09-27T15:51:51,32089,not_found,,slug resolved (smoky-salmon-coconut-rice-bowl-cucumber-mango-yogurt-sauce) but json 404'd
2026-09-27T15:51:53,32090,not_found,,slug resolved (smoky-salmon-coconut-rice-bowl-cucumber-mango-yogurt-sauce) but json 404'd
2026-09-27T15:51:54,32091,not_found,,slug resolved (smoky-salmon-coconut-rice-bowl-cucumber-mango-yogurt-sauce) but json 404'd
2026-09-27T15:51:55,32092,not_found,,slug resolved (smoky-tofu-coconut-rice-bowl-cucumber-mango-spicy-yogurt-sauce) but json 404'd
2026-09-27T15:51:56,32093,not_found,,slug resolved (smoky-tofu-coconut-rice-bowl-cucumber-mango-spicy-yogurt-sauce) but json 404'd
2026-09-27T15:51:58,32094,not_found,,slug resolved (smoky-tofu-coconut-rice-bowl-cucumber-mango-spicy-yogurt-sauce) but json 404'd
2026-09-27T15:52:05,32104,not_found,,slug resolved (apple-glazed-chicken-mashed-parsnips-arugula-pumpkin-seed-salad) but json 404'd
2026-09-27T15:52:08,32107,not_found,,slug resolved (apple-glazed-tofu-mashed-parsnips-arugula-pumpkin-seed-salad) but json 404'd
2026-09-27T15:52:09,32108,not_found,,slug resolved (apple-glazed-tofu-mashed-parsnips-arugula-pumpkin-seed-salad) but json 404'd
2026-09-27T15:52:11,32109,not_found,,slug resolved (apple-glazed-tofu-mashed-parsnips-arugula-pumpkin-seed-salad) but json 404'd
2026-09-27T15:52:12,32110,not_found,,slug resolved (apple-glazed-tofu-mashed-parsnips-arugula-pumpkin-seed-salad) but json 404'd
2026-09-27T15:52:13,32111,not_found,,slug resolved (apple-glazed-tofu-mashed-parsnips-arugula-pumpkin-seed-salad) but json 404'd
2026-09-27T15:52:15,32112,not_found,,slug resolved (apple-glazed-tofu-mashed-parsnips-arugula-pumpkin-seed-salad) but json 404'd
2026-09-27T15:52:22,32122,not_found,,slug resolved (apple-glazed-chicken-mashed-parsnips-arugula-pumpkin-seed-salad) but json 404'd
2026-09-27T15:52:23,32123,not_found,,slug resolved (apple-glazed-chicken-mashed-parsnips-arugula-pumpkin-seed-salad) but json 404'd
2026-09-27T15:52:25,32124,not_found,,slug resolved (apple-glazed-chicken-mashed-parsnips-arugula-pumpkin-seed-salad) but json 404'd
2026-09-27T15:52:26,32125,not_found,,slug resolved (apple-glazed-tofu-mashed-parsnips-arugula-pumpkin-seed-salad) but json 404'd
2026-09-27T15:52:27,32126,not_found,,slug resolved (apple-glazed-tofu-mashed-parsnips-arugula-pumpkin-seed-salad) but json 404'd
2026-09-27T15:52:29,32127,not_found,,slug resolved (apple-glazed-tofu-mashed-parsnips-arugula-pumpkin-seed-salad) but json 404'd
2026-09-27T15:52:30,32128,not_found,,slug resolved (apple-glazed-tofu-mashed-parsnips-arugula-pumpkin-seed-salad) but json 404'd
2026-09-27T15:52:31,32129,not_found,,slug resolved (apple-glazed-tofu-mashed-parsnips-arugula-pumpkin-seed-salad) but json 404'd
2026-09-27T15:52:33,32130,not_found,,slug resolved (apple-glazed-tofu-mashed-parsnips-arugula-pumpkin-seed-salad) but json 404'd
2026-09-27T15:52:47,32149,not_found,,slug resolved (warm-chicken-quinoa-spicy-cashew-salad-ginger-lime-dressing) but json 404'd
2026-09-27T15:52:48,32150,not_found,,slug resolved (warm-chicken-quinoa-spicy-cashew-salad-ginger-lime-dressing) but json 404'd
2026-09-27T15:52:49,32151,not_found,,slug resolved (warm-chicken-quinoa-spicy-cashew-salad-ginger-lime-dressing) but json 404'd
2026-09-27T15:52:51,32152,not_found,,slug resolved (warm-tofu-quinoa-spicy-cashew-salad-ginger-lime-dressing) but json 404'd
2026-09-27T15:52:52,32153,not_found,,slug resolved (warm-tofu-quinoa-spicy-cashew-salad-ginger-lime-dressing) but json 404'd
2026-09-27T15:52:54,32154,not_found,,slug resolved (warm-tofu-quinoa-spicy-cashew-salad-ginger-lime-dressing) but json 404'd
2026-09-27T15:52:59,32161,not_found,,slug resolved (warm-chicken-quinoa-spicy-cashew-salad-ginger-lime-dressing) but json 404'd
2026-09-27T15:53:01,32162,not_found,,slug resolved (warm-chicken-quinoa-spicy-cashew-salad-ginger-lime-dressing) but json 404'd
2026-09-27T15:53:02,32163,not_found,,slug resolved (warm-chicken-quinoa-spicy-cashew-salad-ginger-lime-dressing) but json 404'd
2026-09-27T15:53:03,32164,not_found,,slug resolved (warm-tofu-quinoa-spicy-cashew-salad-ginger-lime-dressing) but json 404'd
2026-09-27T15:53:05,32165,not_found,,slug resolved (warm-tofu-quinoa-spicy-cashew-salad-ginger-lime-dressing) but json 404'd
2026-09-27T15:53:06,32166,not_found,,slug resolved (warm-tofu-quinoa-spicy-cashew-salad-ginger-lime-dressing) but json 404'd
2026-09-27T15:53:10,32171,not_found,,slug resolved (eggs-in-tomato-sweet-potato-kale-stew-shakshuka-toast) but json 404'd
2026-09-27T15:53:11,32172,not_found,,slug resolved (eggs-in-tomato-sweet-potato-kale-stew-shakshuka-toast) but json 404'd
2026-09-27T15:53:15,32176,not_found,,slug resolved (eggs-in-tomato-sweet-potato-kale-stew-shakshuka-toast) but json 404'd
2026-09-27T15:53:16,32177,not_found,,slug resolved (eggs-in-tomato-sweet-potato-kale-stew-shakshuka-toast) but json 404'd
2026-09-27T15:53:17,32178,not_found,,slug resolved (eggs-in-tomato-sweet-potato-kale-stew-shakshuka-toast) but json 404'd
2026-09-27T15:53:21,32182,not_found,,slug resolved (baked-zucchini-noodles-turkey-feta-tomatoes-olives-basil) but json 404'd
2026-09-27T15:53:22,32183,not_found,,slug resolved (baked-zucchini-noodles-turkey-feta-tomatoes-olives-basil) but json 404'd
2026-09-27T15:53:23,32184,not_found,,slug resolved (baked-zucchini-noodles-turkey-feta-tomatoes-olives-basil) but json 404'd
2026-09-27T15:53:27,32188,not_found,,slug resolved (baked-zucchini-noodles-veggie-ground-feta-tomato-olives) but json 404'd
2026-09-27T15:53:28,32189,not_found,,slug resolved (baked-zucchini-noodles-veggie-ground-feta-tomato-olives) but json 404'd
2026-09-27T15:53:29,32190,not_found,,slug resolved (baked-zucchini-noodles-veggie-ground-feta-tomato-olives) but json 404'd
2026-09-27T15:53:33,32194,not_found,,slug resolved (baked-zucchini-noodles-turkey-feta-tomatoes-olives-basil) but json 404'd
2026-09-27T15:53:34,32195,not_found,,slug resolved (baked-zucchini-noodles-turkey-feta-tomatoes-olives-basil) but json 404'd
2026-09-27T15:53:35,32196,not_found,,slug resolved (baked-zucchini-noodles-turkey-feta-tomatoes-olives-basil) but json 404'd
2026-09-27T15:53:39,32200,not_found,,slug resolved (baked-zucchini-noodles-veggie-ground-feta-tomato-olives) but json 404'd
2026-09-27T15:53:40,32201,not_found,,slug resolved (baked-zucchini-noodles-veggie-ground-feta-tomato-olives) but json 404'd
2026-09-27T15:53:41,32202,not_found,,slug resolved (baked-zucchini-noodles-veggie-ground-feta-tomato-olives) but json 404'd
2026-09-27T15:53:57,32203,error,,redirect lookup failed: 500 server error
2026-09-27T15:54:13,32204,error,,redirect lookup failed: 500 server error
2026-09-27T15:54:29,32205,error,,redirect lookup failed: 500 server error
2026-09-27T15:54:45,32206,error,,redirect lookup failed: 500 server error
2026-09-27T15:55:01,32207,error,,redirect lookup failed: 500 server error
2026-09-27T15:55:18,32208,error,,redirect lookup failed: 500 server error
2026-09-27T15:55:19,32209,not_found,,slug resolved (thyme-seared-chicken-pumpkin-polenta-brussels-sprouts-parsnips) but json 404'd
2026-09-27T15:55:20,32210,not_found,,slug resolved (thyme-seared-chicken-pumpkin-polenta-brussels-sprouts-parsnips) but json 404'd
2026-09-27T15:55:22,32211,not_found,,slug resolved (thyme-seared-chicken-pumpkin-polenta-brussels-sprouts-parsnips) but json 404'd
2026-09-27T15:55:23,32212,not_found,,slug resolved (thyme-seared-tempeh-pumpkin-polenta-brussels-sprouts-parsnips) but json 404'd
2026-09-27T15:55:24,32213,not_found,,slug resolved (thyme-seared-tempeh-pumpkin-polenta-brussels-sprouts-parsnips) but json 404'd
2026-09-27T15:55:26,32214,not_found,,slug resolved (thyme-seared-tempeh-pumpkin-polenta-brussels-sprouts-parsnips) but json 404'd
2026-09-27T15:55:27,32215,not_found,,slug resolved (thyme-seared-tempeh-pumpkin-polenta-brussels-sprouts-parsnips) but json 404'd
2026-09-27T15:55:28,32216,not_found,,slug resolved (thyme-seared-tempeh-pumpkin-polenta-brussels-sprouts-parsnips) but json 404'd
2026-09-27T15:55:29,32217,not_found,,slug resolved (thyme-seared-tempeh-pumpkin-polenta-brussels-sprouts-parsnips) but json 404'd
2026-09-27T15:55:31,32218,not_found,,slug resolved (thyme-seared-chicken-pumpkin-polenta-brussels-sprouts-parsnips) but json 404'd
2026-09-27T15:55:32,32219,not_found,,slug resolved (thyme-seared-chicken-pumpkin-polenta-brussels-sprouts-parsnips) but json 404'd
2026-09-27T15:55:33,32220,not_found,,slug resolved (thyme-seared-chicken-pumpkin-polenta-brussels-sprouts-parsnips) but json 404'd
2026-09-27T15:55:35,32221,not_found,,slug resolved (thyme-seared-tempeh-pumpkin-polenta-brussels-sprouts-parsnips) but json 404'd
2026-09-27T15:55:36,32222,not_found,,slug resolved (thyme-seared-tempeh-pumpkin-polenta-brussels-sprouts-parsnips) but json 404'd
2026-09-27T15:55:37,32223,not_found,,slug resolved (thyme-seared-tempeh-pumpkin-polenta-brussels-sprouts-parsnips) but json 404'd
2026-09-27T15:55:39,32224,not_found,,slug resolved (thyme-seared-tempeh-pumpkin-polenta-brussels-sprouts-parsnips) but json 404'd
2026-09-27T15:55:40,32225,not_found,,slug resolved (thyme-seared-tempeh-pumpkin-polenta-brussels-sprouts-parsnips) but json 404'd
2026-09-27T15:55:42,32226,not_found,,slug resolved (thyme-seared-tempeh-pumpkin-polenta-brussels-sprouts-parsnips) but json 404'd
2026-09-27T15:55:56,32245,not_found,,slug resolved (cheesy-polenta-bowl-tempeh-fried-egg-tomato-spinach-salad) but json 404'd
2026-09-27T15:55:57,32246,not_found,,slug resolved (cheesy-polenta-bowl-tempeh-fried-egg-tomato-spinach-salad) but json 404'd
2026-09-27T15:55:59,32247,not_found,,slug resolved (cheesy-polenta-bowl-tempeh-fried-egg-tomato-spinach-salad) but json 404'd
2026-09-27T15:56:05,32254,not_found,,slug resolved (cheesy-polenta-bowl-tempeh-fried-egg-tomato-spinach-salad) but json 404'd
2026-09-27T15:56:06,32255,not_found,,slug resolved (cheesy-polenta-bowl-tempeh-fried-egg-tomato-spinach-salad) but json 404'd
2026-09-27T15:56:07,32256,not_found,,slug resolved (cheesy-polenta-bowl-tempeh-fried-egg-tomato-spinach-salad) but json 404'd
2026-09-27T15:56:13,32263,not_found,,slug resolved (honey-dijon-sausage-cabbage-carrot-rotini-pasta-chives) but json 404'd
2026-09-27T15:56:14,32264,not_found,,slug resolved (honey-dijon-sausage-cabbage-carrot-rotini-pasta-chives) but json 404'd
2026-09-27T15:56:17,32265,not_found,,slug resolved (honey-dijon-sausage-cabbage-carrot-rotini-pasta-chives) but json 404'd
2026-09-27T15:56:18,32266,not_found,,slug resolved (honey-dijon-veggie-ground-cabbage-carrot-rotini-chives) but json 404'd
2026-09-27T15:56:19,32267,not_found,,slug resolved (honey-dijon-veggie-ground-cabbage-carrot-rotini-chives) but json 404'd
2026-09-27T15:56:21,32268,not_found,,slug resolved (honey-dijon-veggie-ground-cabbage-carrot-rotini-chives) but json 404'd
2026-09-27T15:56:26,32275,not_found,,slug resolved (honey-dijon-sausage-cabbage-carrot-rotini-pasta-chives) but json 404'd
2026-09-27T15:56:28,32276,not_found,,slug resolved (honey-dijon-sausage-cabbage-carrot-rotini-pasta-chives) but json 404'd
2026-09-27T15:56:29,32277,not_found,,slug resolved (honey-dijon-sausage-cabbage-carrot-rotini-pasta-chives) but json 404'd
2026-09-27T15:56:30,32278,not_found,,slug resolved (honey-dijon-veggie-ground-cabbage-carrot-rotini-chives) but json 404'd
2026-09-27T15:56:32,32279,not_found,,slug resolved (honey-dijon-veggie-ground-cabbage-carrot-rotini-chives) but json 404'd
2026-09-27T15:56:33,32280,not_found,,slug resolved (honey-dijon-veggie-ground-cabbage-carrot-rotini-chives) but json 404'd
2026-09-27T15:56:37,32284,not_found,,slug resolved (maple-dijon-veggie-ground-cabbage-carrot-rotini-chives) but json 404'd
2026-09-27T15:56:38,32285,not_found,,slug resolved (maple-dijon-veggie-ground-cabbage-carrot-rotini-chives) but json 404'd
2026-09-27T15:56:39,32286,not_found,,slug resolved (maple-dijon-veggie-ground-cabbage-carrot-rotini-chives) but json 404'd
2026-09-27T15:56:43,32290,not_found,,slug resolved (maple-dijon-veggie-ground-cabbage-carrot-rotini-chives) but json 404'd
2026-09-27T15:56:44,32291,not_found,,slug resolved (maple-dijon-veggie-ground-cabbage-carrot-rotini-chives) but json 404'd
2026-09-27T15:56:46,32292,not_found,,slug resolved (maple-dijon-veggie-ground-cabbage-carrot-rotini-chives) but json 404'd
2026-09-27T15:56:51,32299,not_found,,slug resolved (balsamic-roasted-pork-grapes-carrot-fritters-basil-yogurt) but json 404'd
2026-09-27T15:56:53,32300,not_found,,slug resolved (balsamic-roasted-pork-grapes-carrot-fritters-basil-yogurt) but json 404'd
2026-09-27T15:56:54,32301,not_found,,slug resolved (balsamic-roasted-pork-grapes-carrot-fritters-basil-yogurt) but json 404'd
2026-09-27T15:56:55,32302,not_found,,slug resolved (balsamic-roasted-tofu-grapes-carrot-fritters-basil-yogurt) but json 404'd
2026-09-27T15:56:57,32303,not_found,,slug resolved (balsamic-roasted-tofu-grapes-carrot-fritters-basil-yogurt) but json 404'd
2026-09-27T15:56:58,32304,not_found,,slug resolved (balsamic-roasted-tofu-grapes-carrot-fritters-basil-yogurt) but json 404'd
2026-09-27T15:57:04,32311,not_found,,slug resolved (balsamic-roasted-pork-grapes-carrot-fritters-basil-yogurt) but json 404'd
2026-09-27T15:57:05,32312,not_found,,slug resolved (balsamic-roasted-pork-grapes-carrot-fritters-basil-yogurt) but json 404'd
2026-09-27T15:57:06,32313,not_found,,slug resolved (balsamic-roasted-pork-grapes-carrot-fritters-basil-yogurt) but json 404'd
2026-09-27T15:57:08,32314,not_found,,slug resolved (balsamic-roasted-tofu-grapes-carrot-fritters-basil-yogurt) but json 404'd
2026-09-27T15:57:09,32315,not_found,,slug resolved (balsamic-roasted-tofu-grapes-carrot-fritters-basil-yogurt) but json 404'd
2026-09-27T15:57:10,32316,not_found,,slug resolved (balsamic-roasted-tofu-grapes-carrot-fritters-basil-yogurt) but json 404'd
2026-09-27T15:57:23,32332,not_found,,slug resolved (smoky-pork-chop-roasted-acorn-squash-walnut-butter-sauce-feta) but json 404'd
2026-09-27T15:57:25,32333,not_found,,slug resolved (smoky-pork-chop-roasted-acorn-squash-walnut-butter-sauce-feta) but json 404'd
2026-09-27T15:57:26,32334,not_found,,slug resolved (smoky-pork-chop-roasted-acorn-squash-walnut-butter-sauce-feta) but json 404'd
2026-09-27T15:57:27,32335,not_found,,slug resolved (seared-tofu-roasted-acorn-squash-walnut-butter-sauce-feta) but json 404'd
2026-09-27T15:57:28,32336,not_found,,slug resolved (seared-tofu-roasted-acorn-squash-walnut-butter-sauce-feta) but json 404'd
2026-09-27T15:57:30,32337,not_found,,slug resolved (seared-tofu-roasted-acorn-squash-walnut-butter-sauce-feta) but json 404'd
2026-09-27T15:57:38,32347,not_found,,slug resolved (smoky-pork-chop-roasted-acorn-squash-walnut-butter-sauce-feta) but json 404'd
2026-09-27T15:57:39,32348,not_found,,slug resolved (smoky-pork-chop-roasted-acorn-squash-walnut-butter-sauce-feta) but json 404'd
2026-09-27T15:57:40,32349,not_found,,slug resolved (smoky-pork-chop-roasted-acorn-squash-walnut-butter-sauce-feta) but json 404'd
2026-09-27T15:57:42,32350,not_found,,slug resolved (seared-tofu-roasted-acorn-squash-walnut-butter-sauce-feta) but json 404'd
2026-09-27T15:57:43,32351,not_found,,slug resolved (seared-tofu-roasted-acorn-squash-walnut-butter-sauce-feta) but json 404'd
2026-09-27T15:57:44,32352,not_found,,slug resolved (seared-tofu-roasted-acorn-squash-walnut-butter-sauce-feta) but json 404'd
2026-09-27T15:57:48,32356,not_found,,slug resolved (sticky-maple-dijon-wings-apple-caesar-salad-crispy-bread-crumbs) but json 404'd
2026-09-27T15:57:49,32357,not_found,,slug resolved (sticky-maple-dijon-wings-apple-caesar-salad-crispy-bread-crumbs) but json 404'd
2026-09-27T15:57:50,32358,not_found,,slug resolved (sticky-maple-dijon-wings-apple-caesar-salad-crispy-bread-crumbs) but json 404'd
2026-09-27T15:57:54,32362,not_found,,slug resolved (sticky-maple-dijon-wings-apple-caesar-salad-crispy-bread-crumbs) but json 404'd
2026-09-27T15:57:55,32363,not_found,,slug resolved (sticky-maple-dijon-wings-apple-caesar-salad-crispy-bread-crumbs) but json 404'd
2026-09-27T15:57:56,32364,not_found,,slug resolved (sticky-maple-dijon-wings-apple-caesar-salad-crispy-bread-crumbs) but json 404'd
2026-09-27T15:57:58,32365,not_found,,no redirect (id does not exist)
2026-09-27T15:57:59,32366,not_found,,no redirect (id does not exist)
2026-09-27T15:58:00,32367,not_found,,no redirect (id does not exist)
2026-09-27T15:58:01,32368,not_found,,no redirect (id does not exist)
2026-09-27T15:58:03,32369,not_found,,no redirect (id does not exist)
2026-09-27T15:58:04,32370,not_found,,no redirect (id does not exist)
2026-09-27T15:58:05,32371,not_found,,no redirect (id does not exist)
2026-09-27T15:58:07,32372,not_found,,no redirect (id does not exist)
2026-09-27T15:58:08,32373,not_found,,no redirect (id does not exist)
2026-09-27T15:58:09,32374,not_found,,no redirect (id does not exist)
2026-09-27T15:58:11,32375,not_found,,no redirect (id does not exist)
2026-09-27T15:58:12,32376,not_found,,no redirect (id does not exist)
2026-09-27T15:58:13,32377,not_found,,no redirect (id does not exist)
2026-09-27T15:58:15,32378,not_found,,no redirect (id does not exist)
2026-09-27T15:58:16,32379,not_found,,no redirect (id does not exist)
2026-09-27T15:58:17,32380,not_found,,no redirect (id does not exist)
2026-09-27T15:58:18,32381,not_found,,no redirect (id does not exist)
2026-09-27T15:58:20,32382,not_found,,no redirect (id does not exist)
2026-09-27T15:58:21,32383,not_found,,no redirect (id does not exist)
2026-09-27T15:58:22,32384,not_found,,no redirect (id does not exist)
2026-09-27T15:58:24,32385,not_found,,no redirect (id does not exist)
2026-09-27T15:58:29,32392,not_found,,slug resolved (spicy-black-bean-avocado-tacos-lime-crema-cilantro-cabbage-slaw) but json 404'd
2026-09-27T15:58:31,32393,not_found,,slug resolved (spicy-black-bean-avocado-tacos-lime-crema-cilantro-cabbage-slaw) but json 404'd
2026-09-27T15:58:32,32394,not_found,,slug resolved (spicy-black-bean-avocado-tacos-lime-crema-cilantro-cabbage-slaw) but json 404'd
2026-09-27T15:58:33,32395,not_found,,slug resolved (spicy-black-bean-avocado-tacos-cilantro-cabbage-slaw) but json 404'd
2026-09-27T15:58:35,32396,not_found,,slug resolved (spicy-black-bean-avocado-tacos-cilantro-cabbage-slaw) but json 404'd
2026-09-27T15:58:36,32397,not_found,,slug resolved (spicy-black-bean-avocado-tacos-cilantro-cabbage-slaw) but json 404'd
2026-09-27T15:58:42,32404,not_found,,slug resolved (spicy-black-bean-avocado-tacos-lime-crema-cilantro-cabbage-slaw) but json 404'd
2026-09-27T15:58:43,32405,not_found,,slug resolved (spicy-black-bean-avocado-tacos-lime-crema-cilantro-cabbage-slaw) but json 404'd
2026-09-27T15:58:44,32406,not_found,,slug resolved (spicy-black-bean-avocado-tacos-lime-crema-cilantro-cabbage-slaw) but json 404'd
2026-09-27T15:58:46,32407,not_found,,slug resolved (spicy-black-bean-avocado-tacos-cilantro-cabbage-slaw) but json 404'd
2026-09-27T15:58:47,32408,not_found,,slug resolved (spicy-black-bean-avocado-tacos-cilantro-cabbage-slaw) but json 404'd
2026-09-27T15:58:49,32409,not_found,,slug resolved (spicy-black-bean-avocado-tacos-cilantro-cabbage-slaw) but json 404'd
2026-09-27T15:59:09,32416,error,,redirect lookup failed: 500 server error
2026-09-27T15:59:25,32417,error,,redirect lookup failed: 500 server error
2026-09-27T15:59:41,32418,error,,redirect lookup failed: 500 server error
2026-09-27T15:59:57,32419,error,,redirect lookup failed: 500 server error
2026-09-27T16:00:13,32420,error,,redirect lookup failed: 500 server error
2026-09-27T16:00:29,32421,error,,redirect lookup failed: 500 server error
2026-09-27T16:00:45,32422,error,,redirect lookup failed: 500 server error
2026-09-27T16:01:01,32423,error,,redirect lookup failed: 500 server error
2026-09-27T16:01:18,32424,error,,redirect lookup failed: 500 server error
2026-09-27T16:01:34,32425,error,,redirect lookup failed: 500 server error
2026-09-27T16:01:50,32426,error,,redirect lookup failed: 500 server error
2026-09-27T16:02:07,32427,error,,redirect lookup failed: 500 server error
2026-09-27T16:02:34,32464,not_found,,slug resolved (baked-popcorn-chicken-sweet-spicy-snap-pea-broccoli-saute) but json 404'd
2026-09-27T16:02:35,32465,not_found,,slug resolved (baked-popcorn-chicken-sweet-spicy-snap-pea-broccoli-saute) but json 404'd
2026-09-27T16:02:36,32466,not_found,,slug resolved (baked-popcorn-chicken-sweet-spicy-snap-pea-broccoli-saute) but json 404'd
2026-09-27T16:02:38,32467,not_found,,slug resolved (baked-crispy-tofu-sweet-spicy-snap-pea-broccoli-saute) but json 404'd
2026-09-27T16:02:39,32468,not_found,,slug resolved (baked-crispy-tofu-sweet-spicy-snap-pea-broccoli-saute) but json 404'd
2026-09-27T16:02:40,32469,not_found,,slug resolved (baked-crispy-tofu-sweet-spicy-snap-pea-broccoli-saute) but json 404'd
2026-09-27T16:02:46,32476,not_found,,slug resolved (baked-popcorn-chicken-sweet-spicy-snap-pea-broccoli-saute) but json 404'd
2026-09-27T16:02:47,32477,not_found,,slug resolved (baked-popcorn-chicken-sweet-spicy-snap-pea-broccoli-saute) but json 404'd
2026-09-27T16:02:49,32478,not_found,,slug resolved (baked-popcorn-chicken-sweet-spicy-snap-pea-broccoli-saute) but json 404'd
2026-09-27T16:02:50,32479,not_found,,slug resolved (baked-crispy-tofu-sweet-spicy-snap-pea-broccoli-saute) but json 404'd
2026-09-27T16:02:51,32480,not_found,,slug resolved (baked-crispy-tofu-sweet-spicy-snap-pea-broccoli-saute) but json 404'd
2026-09-27T16:02:53,32481,not_found,,slug resolved (baked-crispy-tofu-sweet-spicy-snap-pea-broccoli-saute) but json 404'd
2026-09-27T16:03:09,32482,error,,redirect lookup failed: 500 server error
2026-09-27T16:03:25,32483,error,,redirect lookup failed: 500 server error
2026-09-27T16:03:41,32484,error,,redirect lookup failed: 500 server error
2026-09-27T16:03:57,32485,error,,redirect lookup failed: 500 server error
2026-09-27T16:04:13,32486,error,,redirect lookup failed: 500 server error
2026-09-27T16:04:29,32487,error,,redirect lookup failed: 500 server error
2026-09-27T16:04:45,32488,error,,redirect lookup failed: 500 server error
2026-09-27T16:05:01,32489,error,,redirect lookup failed: 500 server error
2026-09-27T16:05:17,32490,error,,redirect lookup failed: 500 server error
2026-09-27T16:05:33,32491,error,,redirect lookup failed: 500 server error
2026-09-27T16:05:49,32492,error,,redirect lookup failed: 500 server error
2026-09-27T16:06:06,32493,error,,redirect lookup failed: 500 server error
2026-09-27T16:06:21,32494,error,,redirect lookup failed: 500 server error
2026-09-27T16:06:37,32495,error,,redirect lookup failed: 500 server error
2026-09-27T16:06:53,32496,error,,redirect lookup failed: 500 server error
2026-09-27T16:07:09,32497,error,,redirect lookup failed: 500 server error
2026-09-27T16:07:25,32498,error,,redirect lookup failed: 500 server error
2026-09-27T16:07:41,32499,error,,redirect lookup failed: 500 server error
2026-09-27T16:07:57,32500,error,,redirect lookup failed: 500 server error
2026-09-27T16:08:15,32501,error,,redirect lookup failed: 500 server error
2026-09-27T16:08:31,32502,error,,redirect lookup failed: 500 server error
2026-09-27T16:09:12,40000,not_found,,slug resolved (spicy-chili-chicken-peanut-sauce-roasted-bok-choy-sesame-seeds) but json 404'd
2026-09-27T16:09:13,40001,not_found,,slug resolved (spicy-chili-chicken-peanut-sauce-roasted-bok-choy-sesame-seeds) but json 404'd
2026-09-27T16:09:46,40000,not_found,,slug resolved (spicy-chili-chicken-peanut-sauce-roasted-bok-choy-sesame-seeds) but json 404'd
2026-09-27T16:09:47,40001,not_found,,slug resolved (spicy-chili-chicken-peanut-sauce-roasted-bok-choy-sesame-seeds) but json 404'd
2026-09-27T16:10:31,40905,error,,redirect lookup failed: 500 server error
2026-09-27T16:10:47,40906,error,,redirect lookup failed: 500 server error
2026-09-27T16:11:03,40907,error,,redirect lookup failed: 500 server error
2026-09-27T16:11:19,40908,error,,redirect lookup failed: 500 server error
2026-09-27T16:11:36,40909,error,,redirect lookup failed: 500 server error
2026-09-27T16:11:52,40910,error,,redirect lookup failed: 500 server error
2026-09-27T16:11:54,40911,not_found,,slug resolved (pan-fried-chicken-cheesy-leek-spinach-zucchini-saute) but json 404'd
2026-09-27T16:11:55,40912,not_found,,slug resolved (pan-fried-chicken-cheesy-leek-spinach-zucchini-saute) but json 404'd
2026-09-27T16:11:57,40913,not_found,,slug resolved (pan-fried-chicken-cheesy-leek-spinach-zucchini-saute) but json 404'd
2026-09-27T16:11:58,40914,not_found,,slug resolved (pan-fried-tofu-cheesy-leek-spinach-zucchini-saute) but json 404'd
2026-09-27T16:11:59,40915,not_found,,slug resolved (pan-fried-tofu-cheesy-leek-spinach-zucchini-saute) but json 404'd
2026-09-27T16:12:01,40916,not_found,,slug resolved (pan-fried-tofu-cheesy-leek-spinach-zucchini-saute) but json 404'd
2026-09-27T16:12:02,40917,saved_backfill,"Pan-Fried Chicken with Cheesy Leek, Spinach & Zucchini Sauté",families/4433/40917_pan-fried-chicken-cheesy-leek-spinach-zucchini-saute.json
2026-09-27T16:12:04,40918,saved_backfill,"Pan-Fried Chicken with Cheesy Leek, Spinach & Zucchini Sauté",families/4433/40918_pan-fried-chicken-cheesy-leek-spinach-zucchini-saute.json
2026-09-27T16:12:06,40919,saved_backfill,"Pan-Fried Chicken with Cheesy Leek, Spinach & Zucchini Sauté",families/4433/40919_pan-fried-chicken-cheesy-leek-spinach-zucchini-saute.json
2026-09-27T16:12:07,40920,not_found,,slug resolved (pan-fried-tofu-cheesy-leek-spinach-zucchini-saute) but json 404'd
2026-09-27T16:12:09,40921,saved_backfill,"Pan-Fried Tofu with Cheesy Leek, Spinach & Zucchini Sauté",families/4433/40921_pan-fried-tofu-cheesy-leek-spinach-zucchini-saute.json
2026-09-27T16:12:10,40922,not_found,,slug resolved (pan-fried-tofu-cheesy-leek-spinach-zucchini-saute) but json 404'd
2026-09-27T16:12:12,40923,not_found,,no redirect (id does not exist)
2026-09-27T16:12:13,40924,not_found,,no redirect (id does not exist)
2026-09-27T16:12:14,40925,not_found,,no redirect (id does not exist)
2026-09-27T16:12:16,40926,not_found,,no redirect (id does not exist)
2026-09-27T16:12:17,40927,not_found,,no redirect (id does not exist)
2026-09-27T16:12:19,40928,not_found,,no redirect (id does not exist)
2026-09-27T16:12:20,40929,not_found,,no redirect (id does not exist)
2026-09-27T16:12:21,40930,not_found,,no redirect (id does not exist)
2026-09-27T16:12:23,40931,not_found,,no redirect (id does not exist)
2026-09-27T16:12:24,40932,not_found,,no redirect (id does not exist)
2026-09-27T16:12:27,40933,not_found,,no redirect (id does not exist)
2026-09-27T16:12:29,40934,not_found,,no redirect (id does not exist)
2026-09-27T16:12:30,40935,not_found,,no redirect (id does not exist)
2026-09-27T16:12:31,40936,not_found,,no redirect (id does not exist)
2026-09-27T16:12:33,40937,not_found,,no redirect (id does not exist)
2026-09-27T16:12:36,40938,not_found,,no redirect (id does not exist)
2026-09-27T16:12:37,40939,not_found,,no redirect (id does not exist)
2026-09-27T16:12:39,40940,not_found,,no redirect (id does not exist)
2026-09-27T16:12:40,40941,not_found,,no redirect (id does not exist)
2026-09-27T16:12:42,40942,not_found,,no redirect (id does not exist)
2026-09-27T16:12:43,40943,not_found,,no redirect (id does not exist)
2026-09-27T16:12:45,40944,not_found,,no redirect (id does not exist)
2026-09-27T16:12:46,40945,not_found,,no redirect (id does not exist)
2026-09-27T16:12:48,40946,not_found,,no redirect (id does not exist)
2026-09-27T16:12:49,40947,not_found,,no redirect (id does not exist)
2026-09-27T16:12:51,40948,not_found,,no redirect (id does not exist)
2026-09-27T16:12:52,40949,not_found,,no redirect (id does not exist)
2026-09-27T16:12:54,40950,not_found,,no redirect (id does not exist)
2026-09-27T16:12:55,40951,not_found,,no redirect (id does not exist)
2026-09-27T16:12:57,40952,not_found,,no redirect (id does not exist)
2026-09-27T16:12:58,40953,not_found,,no redirect (id does not exist)
2026-09-27T16:12:59,40954,not_found,,no redirect (id does not exist)
2026-09-27T16:13:01,40955,not_found,,no redirect (id does not exist)
2026-09-27T16:13:02,40956,not_found,,no redirect (id does not exist)
2026-09-27T16:13:04,40957,not_found,,no redirect (id does not exist)
2026-09-27T16:13:05,40958,not_found,,no redirect (id does not exist)
2026-09-27T16:13:06,40959,not_found,,no redirect (id does not exist)
2026-09-27T16:13:08,40960,not_found,,no redirect (id does not exist)
2026-09-27T16:13:09,40961,not_found,,no redirect (id does not exist)
2026-09-27T16:13:11,40962,not_found,,no redirect (id does not exist)
2026-09-27T16:13:12,40963,not_found,,no redirect (id does not exist)
2026-09-27T16:13:13,40964,not_found,,no redirect (id does not exist)
2026-09-27T16:13:15,40965,not_found,,no redirect (id does not exist)
2026-09-27T16:13:16,40966,not_found,,no redirect (id does not exist)
2026-09-27T16:13:18,40967,not_found,,no redirect (id does not exist)
2026-09-27T16:13:19,40968,not_found,,no redirect (id does not exist)
2026-09-27T16:13:21,40969,not_found,,no redirect (id does not exist)
2026-09-27T16:13:22,40970,not_found,,no redirect (id does not exist)
2026-09-27T16:13:24,40971,not_found,,no redirect (id does not exist)
2026-09-27T16:13:25,40972,not_found,,no redirect (id does not exist)
2026-09-27T16:13:27,40973,not_found,,no redirect (id does not exist)
2026-09-27T16:13:29,40974,not_found,,no redirect (id does not exist)
2026-09-27T16:13:30,40975,not_found,,no redirect (id does not exist)
2026-09-27T16:13:32,40976,not_found,,no redirect (id does not exist)
2026-09-27T16:13:33,40977,not_found,,no redirect (id does not exist)
2026-09-27T16:13:34,40978,not_found,,no redirect (id does not exist)
2026-09-27T16:13:36,40979,not_found,,no redirect (id does not exist)
2026-09-27T16:13:37,40980,not_found,,no redirect (id does not exist)
2026-09-27T16:13:38,40981,not_found,,no redirect (id does not exist)
2026-09-27T16:13:40,40982,not_found,,no redirect (id does not exist)
2026-09-27T16:13:41,40983,not_found,,no redirect (id does not exist)
2026-09-27T16:13:42,40984,not_found,,no redirect (id does not exist)
2026-09-27T16:13:44,40985,not_found,,no redirect (id does not exist)
2026-09-27T16:13:45,40986,not_found,,no redirect (id does not exist)
2026-09-27T16:13:46,40987,not_found,,no redirect (id does not exist)
2026-09-27T16:13:48,40988,not_found,,no redirect (id does not exist)
2026-09-27T16:13:49,40989,not_found,,no redirect (id does not exist)
2026-09-27T16:13:50,40990,not_found,,no redirect (id does not exist)
2026-09-27T16:13:51,40991,not_found,,no redirect (id does not exist)
2026-09-27T16:13:53,40992,not_found,,no redirect (id does not exist)
2026-09-27T16:13:54,40993,not_found,,no redirect (id does not exist)
2026-09-27T16:13:56,40994,not_found,,no redirect (id does not exist)
2026-09-27T16:13:57,40995,not_found,,no redirect (id does not exist)
2026-09-27T16:13:58,40996,not_found,,no redirect (id does not exist)
2026-09-27T16:14:00,40997,not_found,,no redirect (id does not exist)
2026-09-27T16:14:01,40998,not_found,,no redirect (id does not exist)
2026-09-27T16:14:02,40999,not_found,,no redirect (id does not exist)
2026-09-27T16:14:03,41000,not_found,,no redirect (id does not exist)
2026-09-27T16:14:05,41001,not_found,,no redirect (id does not exist)
2026-09-27T16:14:06,41002,not_found,,no redirect (id does not exist)
2026-09-27T16:14:07,41003,not_found,,no redirect (id does not exist)
2026-09-27T16:14:09,41004,not_found,,no redirect (id does not exist)
2026-09-27T16:14:10,41005,not_found,,no redirect (id does not exist)
2026-09-27T16:14:11,41006,not_found,,no redirect (id does not exist)
2026-09-27T16:14:12,41007,not_found,,no redirect (id does not exist)
2026-09-27T16:14:14,41008,not_found,,no redirect (id does not exist)
2026-09-27T16:14:15,41009,not_found,,no redirect (id does not exist)
2026-09-27T16:14:16,41010,not_found,,no redirect (id does not exist)
2026-09-27T16:14:18,41011,not_found,,no redirect (id does not exist)
2026-09-27T16:14:19,41012,not_found,,no redirect (id does not exist)
2026-09-27T16:14:20,41013,not_found,,no redirect (id does not exist)
2026-09-27T16:14:22,41014,not_found,,no redirect (id does not exist)
2026-09-27T16:14:23,41015,not_found,,no redirect (id does not exist)
2026-09-27T16:14:24,41016,not_found,,no redirect (id does not exist)
2026-09-27T16:14:26,41017,not_found,,no redirect (id does not exist)
2026-09-27T16:14:27,41018,not_found,,no redirect (id does not exist)
2026-09-27T16:14:28,41019,not_found,,no redirect (id does not exist)
2026-09-27T16:14:30,41020,not_found,,no redirect (id does not exist)
2026-09-27T16:14:31,41021,not_found,,no redirect (id does not exist)
2026-09-27T16:14:32,41022,not_found,,no redirect (id does not exist)
2026-09-27T16:14:33,41023,not_found,,no redirect (id does not exist)
2026-09-27T16:14:35,41024,not_found,,no redirect (id does not exist)
2026-09-27T16:14:36,41025,not_found,,no redirect (id does not exist)
2026-09-27T16:14:37,41026,not_found,,no redirect (id does not exist)
2026-09-27T16:14:39,41027,not_found,,no redirect (id does not exist)
2026-09-27T16:14:40,41028,not_found,,no redirect (id does not exist)
2026-09-27T16:14:41,41029,not_found,,no redirect (id does not exist)
2026-09-27T16:14:42,41030,not_found,,no redirect (id does not exist)
2026-09-27T16:14:44,41031,not_found,,no redirect (id does not exist)
2026-09-27T16:14:45,41032,not_found,,no redirect (id does not exist)
2026-09-27T16:14:46,41033,not_found,,no redirect (id does not exist)
2026-09-27T16:14:48,41034,not_found,,no redirect (id does not exist)
2026-09-27T16:14:49,41035,not_found,,no redirect (id does not exist)
2026-09-27T16:14:50,41036,not_found,,no redirect (id does not exist)
2026-09-27T16:14:51,41037,not_found,,no redirect (id does not exist)
2026-09-27T16:14:53,41038,not_found,,no redirect (id does not exist)
2026-09-27T16:14:54,41039,not_found,,no redirect (id does not exist)
2026-09-27T16:14:55,41040,not_found,,no redirect (id does not exist)
2026-09-27T16:14:57,41041,not_found,,no redirect (id does not exist)
2026-09-27T16:14:58,41042,not_found,,no redirect (id does not exist)
2026-09-27T16:14:59,41043,not_found,,no redirect (id does not exist)
2026-09-27T16:15:01,41044,not_found,,no redirect (id does not exist)
2026-09-27T16:15:02,41045,not_found,,no redirect (id does not exist)
2026-09-27T16:15:03,41046,not_found,,no redirect (id does not exist)
2026-09-27T16:15:05,41047,not_found,,no redirect (id does not exist)
2026-09-27T16:15:06,41048,not_found,,no redirect (id does not exist)
2026-09-27T16:15:08,41049,not_found,,no redirect (id does not exist)
2026-09-27T16:15:09,41050,not_found,,no redirect (id does not exist)
2026-09-27T16:15:11,41051,not_found,,no redirect (id does not exist)
2026-09-27T16:15:12,41052,not_found,,no redirect (id does not exist)
2026-09-27T16:15:14,41053,not_found,,no redirect (id does not exist)
2026-09-27T16:15:16,41054,not_found,,no redirect (id does not exist)
2026-09-27T16:15:17,41055,not_found,,no redirect (id does not exist)
2026-09-27T16:15:18,41056,not_found,,no redirect (id does not exist)
2026-09-27T16:15:20,41057,not_found,,no redirect (id does not exist)
2026-09-27T16:15:22,41058,not_found,,no redirect (id does not exist)
2026-09-27T16:15:23,41059,not_found,,no redirect (id does not exist)
2026-09-27T16:15:25,41060,not_found,,no redirect (id does not exist)
2026-09-27T16:15:26,41061,not_found,,no redirect (id does not exist)
2026-09-27T16:15:27,41062,not_found,,no redirect (id does not exist)
2026-09-27T16:15:29,41063,not_found,,no redirect (id does not exist)
2026-09-27T16:15:30,41064,not_found,,no redirect (id does not exist)
2026-09-27T16:15:32,41065,not_found,,no redirect (id does not exist)
2026-09-27T16:15:33,41066,not_found,,no redirect (id does not exist)
2026-09-27T16:15:34,41067,not_found,,no redirect (id does not exist)
2026-09-27T16:15:35,41068,not_found,,no redirect (id does not exist)
2026-09-27T16:15:37,41069,not_found,,no redirect (id does not exist)
2026-09-27T16:15:38,41070,not_found,,no redirect (id does not exist)
2026-09-27T16:15:40,41071,not_found,,no redirect (id does not exist)
2026-09-27T16:15:41,41072,not_found,,no redirect (id does not exist)
2026-09-27T16:15:42,41073,not_found,,no redirect (id does not exist)
2026-09-27T16:15:44,41074,not_found,,no redirect (id does not exist)
2026-09-27T16:15:45,41075,not_found,,no redirect (id does not exist)
2026-09-27T16:15:46,41076,not_found,,no redirect (id does not exist)
2026-09-27T16:15:48,41077,not_found,,no redirect (id does not exist)
2026-09-27T16:15:49,41078,not_found,,no redirect (id does not exist)
2026-09-27T16:15:50,41079,not_found,,no redirect (id does not exist)
2026-09-27T16:15:51,41080,not_found,,no redirect (id does not exist)
2026-09-27T16:15:53,41081,not_found,,no redirect (id does not exist)
2026-09-27T16:15:54,41082,not_found,,no redirect (id does not exist)
2026-09-27T16:15:55,41083,not_found,,no redirect (id does not exist)
2026-09-27T16:15:57,41084,not_found,,no redirect (id does not exist)
2026-09-27T16:15:58,41085,not_found,,no redirect (id does not exist)
2026-09-27T16:15:59,41086,not_found,,no redirect (id does not exist)
2026-09-27T16:16:01,41087,not_found,,no redirect (id does not exist)
2026-09-27T16:16:02,41088,not_found,,no redirect (id does not exist)
2026-09-27T16:16:03,41089,not_found,,no redirect (id does not exist)
2026-09-27T16:16:05,41090,not_found,,no redirect (id does not exist)
2026-09-27T16:16:06,41091,not_found,,no redirect (id does not exist)
2026-09-27T16:16:07,41092,not_found,,no redirect (id does not exist)
2026-09-27T16:16:09,41093,not_found,,no redirect (id does not exist)
2026-09-27T16:16:10,41094,not_found,,no redirect (id does not exist)
2026-09-27T16:16:11,41095,not_found,,no redirect (id does not exist)
2026-09-27T16:16:13,41096,not_found,,no redirect (id does not exist)
2026-09-27T16:16:14,41097,not_found,,no redirect (id does not exist)
2026-09-27T16:16:15,41098,not_found,,no redirect (id does not exist)
2026-09-27T16:16:16,41099,not_found,,no redirect (id does not exist)
2026-09-27T16:16:18,41100,not_found,,no redirect (id does not exist)
2026-09-27T16:16:19,41101,not_found,,no redirect (id does not exist)
2026-09-27T16:16:20,41102,not_found,,no redirect (id does not exist)
2026-09-27T16:16:21,41103,not_found,,no redirect (id does not exist)
2026-09-27T16:16:23,41104,not_found,,no redirect (id does not exist)
2026-09-27T16:16:24,41105,not_found,,no redirect (id does not exist)
2026-09-27T16:16:25,41106,not_found,,no redirect (id does not exist)
2026-09-27T16:16:27,41107,not_found,,no redirect (id does not exist)
2026-09-27T16:16:28,41108,not_found,,no redirect (id does not exist)
2026-09-27T16:16:30,41109,not_found,,no redirect (id does not exist)
2026-09-27T16:16:31,41110,not_found,,no redirect (id does not exist)
2026-09-27T16:16:32,41111,not_found,,no redirect (id does not exist)
2026-09-27T16:16:34,41112,not_found,,no redirect (id does not exist)
2026-09-27T16:16:35,41113,not_found,,no redirect (id does not exist)
2026-09-27T16:16:36,41114,not_found,,no redirect (id does not exist)
2026-09-27T16:16:38,41115,not_found,,no redirect (id does not exist)
2026-09-27T16:16:39,41116,not_found,,no redirect (id does not exist)
2026-09-27T16:16:40,41117,not_found,,no redirect (id does not exist)
2026-09-27T16:16:42,41118,not_found,,no redirect (id does not exist)
2026-09-27T16:16:43,41119,not_found,,no redirect (id does not exist)
2026-09-27T16:16:44,41120,not_found,,no redirect (id does not exist)
2026-09-27T16:16:45,41121,not_found,,no redirect (id does not exist)
2026-09-27T16:16:47,41122,not_found,,no redirect (id does not exist)
2026-09-27T16:16:48,41123,not_found,,no redirect (id does not exist)
2026-09-27T16:16:49,41124,not_found,,no redirect (id does not exist)
2026-09-27T16:16:50,41125,not_found,,no redirect (id does not exist)
2026-09-27T16:16:52,41126,not_found,,no redirect (id does not exist)
2026-09-27T16:16:53,41127,not_found,,no redirect (id does not exist)
2026-09-27T16:16:54,41128,not_found,,no redirect (id does not exist)
2026-09-27T16:16:56,41129,not_found,,no redirect (id does not exist)
2026-09-27T16:16:57,41130,not_found,,no redirect (id does not exist)
2026-09-27T16:16:58,41131,not_found,,no redirect (id does not exist)
2026-09-27T16:16:59,41132,not_found,,no redirect (id does not exist)
2026-09-27T16:17:01,41133,not_found,,no redirect (id does not exist)
2026-09-27T16:17:02,41134,not_found,,no redirect (id does not exist)
2026-09-27T16:17:03,41135,not_found,,no redirect (id does not exist)
2026-09-27T16:17:04,41136,not_found,,no redirect (id does not exist)
2026-09-27T16:17:06,41137,not_found,,no redirect (id does not exist)
2026-09-27T16:17:07,41138,not_found,,no redirect (id does not exist)
2026-09-27T16:17:09,41139,not_found,,no redirect (id does not exist)
2026-09-27T16:17:10,41140,not_found,,no redirect (id does not exist)
2026-09-27T16:17:11,41141,not_found,,no redirect (id does not exist)
2026-09-27T16:17:13,41142,not_found,,no redirect (id does not exist)
2026-09-27T16:17:14,41143,not_found,,no redirect (id does not exist)
2026-09-27T16:17:15,41144,not_found,,no redirect (id does not exist)
2026-09-27T16:17:16,41145,not_found,,no redirect (id does not exist)
2026-09-27T16:17:18,41146,not_found,,no redirect (id does not exist)
2026-09-27T16:17:19,41147,not_found,,no redirect (id does not exist)
2026-09-27T16:17:20,41148,not_found,,no redirect (id does not exist)
2026-09-27T16:17:22,41149,not_found,,no redirect (id does not exist)
2026-09-27T16:17:23,41150,not_found,,no redirect (id does not exist)
2026-09-27T16:17:24,41151,not_found,,no redirect (id does not exist)
2026-09-27T16:17:26,41152,not_found,,no redirect (id does not exist)
2026-09-27T16:17:27,41153,not_found,,no redirect (id does not exist)
2026-09-27T16:17:28,41154,not_found,,no redirect (id does not exist)
2026-09-27T16:17:30,41155,not_found,,no redirect (id does not exist)
2026-09-27T16:17:31,41156,not_found,,no redirect (id does not exist)
2026-09-27T16:17:32,41157,not_found,,no redirect (id does not exist)
2026-09-27T16:17:33,41158,not_found,,no redirect (id does not exist)
2026-09-27T16:17:35,41159,not_found,,no redirect (id does not exist)
2026-09-27T16:17:36,41160,not_found,,no redirect (id does not exist)
2026-09-27T16:17:37,41161,not_found,,no redirect (id does not exist)
2026-09-27T16:17:38,41162,not_found,,no redirect (id does not exist)
2026-09-27T16:17:40,41163,not_found,,no redirect (id does not exist)
2026-09-27T16:17:41,41164,not_found,,no redirect (id does not exist)
2026-09-27T16:17:42,41165,not_found,,no redirect (id does not exist)
2026-09-27T16:17:43,41166,not_found,,no redirect (id does not exist)
2026-09-27T16:17:45,41167,not_found,,no redirect (id does not exist)
2026-09-27T16:17:46,41168,not_found,,no redirect (id does not exist)
2026-09-27T16:17:47,41169,not_found,,no redirect (id does not exist)
2026-09-27T16:17:48,41170,not_found,,no redirect (id does not exist)
2026-09-27T16:17:50,41171,not_found,,no redirect (id does not exist)
2026-09-27T16:17:51,41172,not_found,,no redirect (id does not exist)
2026-09-27T16:17:52,41173,not_found,,no redirect (id does not exist)
2026-09-27T16:17:53,41174,not_found,,no redirect (id does not exist)
2026-09-27T16:17:55,41175,not_found,,no redirect (id does not exist)
2026-09-27T16:17:56,41176,not_found,,no redirect (id does not exist)
2026-09-27T16:17:57,41177,not_found,,no redirect (id does not exist)
2026-09-27T16:17:58,41178,not_found,,no redirect (id does not exist)
2026-09-27T16:18:00,41179,not_found,,no redirect (id does not exist)
2026-09-27T16:18:01,41180,not_found,,no redirect (id does not exist)
2026-09-27T16:18:02,41181,not_found,,no redirect (id does not exist)
2026-09-27T16:18:03,41182,not_found,,no redirect (id does not exist)
2026-09-27T16:18:05,41183,not_found,,no redirect (id does not exist)
2026-09-27T16:18:06,41184,not_found,,no redirect (id does not exist)
2026-09-27T16:18:07,41185,not_found,,no redirect (id does not exist)
2026-09-27T16:18:08,41186,not_found,,no redirect (id does not exist)
2026-09-27T16:18:10,41187,not_found,,no redirect (id does not exist)
2026-09-27T16:18:11,41188,not_found,,no redirect (id does not exist)
2026-09-27T16:18:12,41189,not_found,,no redirect (id does not exist)
2026-09-27T16:18:14,41190,not_found,,no redirect (id does not exist)
2026-09-27T16:18:15,41191,not_found,,no redirect (id does not exist)
2026-09-27T16:18:16,41192,not_found,,no redirect (id does not exist)
2026-09-27T16:18:18,41193,not_found,,no redirect (id does not exist)
2026-09-27T16:18:19,41194,not_found,,no redirect (id does not exist)
2026-09-27T16:18:20,41195,not_found,,no redirect (id does not exist)
2026-09-27T16:18:21,41196,not_found,,no redirect (id does not exist)
2026-09-27T16:18:23,41197,not_found,,no redirect (id does not exist)
2026-09-27T16:18:24,41198,not_found,,no redirect (id does not exist)
2026-09-27T16:18:25,41199,not_found,,no redirect (id does not exist)
2026-09-27T16:18:27,41200,not_found,,no redirect (id does not exist)
2026-09-27T16:18:28,41201,not_found,,no redirect (id does not exist)
2026-09-27T16:18:29,41202,not_found,,no redirect (id does not exist)
2026-09-27T16:18:30,41203,not_found,,no redirect (id does not exist)
2026-09-27T16:18:32,41204,not_found,,no redirect (id does not exist)
2026-09-27T16:18:33,41205,not_found,,no redirect (id does not exist)
2026-09-27T16:18:34,41206,not_found,,no redirect (id does not exist)
2026-09-27T16:18:35,41207,not_found,,no redirect (id does not exist)
2026-09-27T16:18:37,41208,not_found,,no redirect (id does not exist)
2026-09-27T16:18:38,41209,not_found,,no redirect (id does not exist)
2026-09-27T16:18:39,41210,not_found,,no redirect (id does not exist)
2026-09-27T16:18:41,41211,not_found,,no redirect (id does not exist)
2026-09-27T16:18:42,41212,not_found,,no redirect (id does not exist)
2026-09-27T16:18:44,41213,not_found,,no redirect (id does not exist)
2026-09-27T16:18:45,41214,not_found,,no redirect (id does not exist)
2026-09-27T16:18:46,41215,not_found,,no redirect (id does not exist)
2026-09-27T16:18:48,41216,not_found,,no redirect (id does not exist)
2026-09-27T16:18:51,41217,not_found,,no redirect (id does not exist)
2026-09-27T16:18:52,41218,not_found,,no redirect (id does not exist)
2026-09-27T16:18:53,41219,not_found,,no redirect (id does not exist)
2026-09-27T16:18:55,41220,not_found,,no redirect (id does not exist)
2026-09-27T16:18:56,41221,not_found,,no redirect (id does not exist)
2026-09-27T16:19:23,41222,not_found,,no redirect (id does not exist)
2026-09-27T16:19:24,41223,not_found,,no redirect (id does not exist)
2026-09-27T16:19:25,41224,not_found,,no redirect (id does not exist)
2026-09-27T16:19:27,41225,not_found,,no redirect (id does not exist)
2026-09-27T16:19:28,41226,not_found,,no redirect (id does not exist)
2026-09-27T16:19:29,41227,not_found,,no redirect (id does not exist)
2026-09-27T16:19:31,41228,not_found,,no redirect (id does not exist)
2026-09-27T16:19:32,41229,not_found,,no redirect (id does not exist)
2026-09-27T16:19:33,41230,not_found,,no redirect (id does not exist)
2026-09-27T16:19:34,41231,not_found,,no redirect (id does not exist)
2026-09-27T16:19:35,41232,not_found,,no redirect (id does not exist)
2026-09-27T16:19:37,41233,not_found,,no redirect (id does not exist)
2026-09-27T16:19:38,41234,not_found,,no redirect (id does not exist)
2026-09-27T16:19:39,41235,not_found,,no redirect (id does not exist)
2026-09-27T16:19:41,41236,not_found,,no redirect (id does not exist)
2026-09-27T16:19:42,41237,not_found,,no redirect (id does not exist)
2026-09-27T16:19:43,41238,not_found,,no redirect (id does not exist)
2026-09-27T16:19:44,41239,not_found,,no redirect (id does not exist)
2026-09-27T16:19:46,41240,not_found,,no redirect (id does not exist)
2026-09-27T16:19:47,41241,not_found,,no redirect (id does not exist)
2026-09-27T16:19:49,41242,not_found,,no redirect (id does not exist)
2026-09-27T16:19:50,41243,not_found,,no redirect (id does not exist)
2026-09-27T16:19:51,41244,not_found,,no redirect (id does not exist)
2026-09-27T16:19:52,41245,not_found,,no redirect (id does not exist)
2026-09-27T16:19:54,41246,not_found,,no redirect (id does not exist)
2026-09-27T16:19:55,41247,not_found,,no redirect (id does not exist)
2026-09-27T16:19:56,41248,not_found,,no redirect (id does not exist)
2026-09-27T16:19:58,41249,not_found,,no redirect (id does not exist)
2026-09-27T16:19:59,41250,not_found,,no redirect (id does not exist)
2026-09-27T16:20:01,41251,not_found,,no redirect (id does not exist)
2026-09-27T16:20:02,41252,not_found,,no redirect (id does not exist)
2026-09-27T16:20:04,41253,not_found,,no redirect (id does not exist)
2026-09-27T16:20:05,41254,not_found,,no redirect (id does not exist)
2026-09-27T16:20:06,41255,not_found,,no redirect (id does not exist)
2026-09-27T16:20:08,41256,not_found,,no redirect (id does not exist)
2026-09-27T16:20:09,41257,not_found,,no redirect (id does not exist)
2026-09-27T16:20:11,41258,not_found,,no redirect (id does not exist)
2026-09-27T16:20:12,41259,not_found,,no redirect (id does not exist)
2026-09-27T16:20:14,41260,not_found,,no redirect (id does not exist)
2026-09-27T16:20:15,41261,not_found,,no redirect (id does not exist)
2026-09-27T16:20:17,41262,not_found,,no redirect (id does not exist)
2026-09-27T16:20:18,41263,not_found,,no redirect (id does not exist)
2026-09-27T16:20:19,41264,not_found,,no redirect (id does not exist)
2026-09-27T16:20:21,41265,not_found,,no redirect (id does not exist)
2026-09-27T16:20:23,41266,not_found,,no redirect (id does not exist)
2026-09-27T16:20:24,41267,not_found,,no redirect (id does not exist)
2026-09-27T16:20:26,41268,not_found,,no redirect (id does not exist)
2026-09-27T16:20:27,41269,not_found,,no redirect (id does not exist)
2026-09-27T16:20:29,41270,not_found,,no redirect (id does not exist)
2026-09-27T16:20:31,41271,not_found,,no redirect (id does not exist)
2026-09-27T16:20:32,41272,not_found,,no redirect (id does not exist)
2026-09-27T16:20:33,41273,not_found,,no redirect (id does not exist)
2026-09-27T16:20:35,41274,not_found,,no redirect (id does not exist)
2026-09-27T16:20:36,41275,not_found,,no redirect (id does not exist)
2026-09-27T16:20:38,41276,not_found,,no redirect (id does not exist)
2026-09-27T16:20:39,41277,not_found,,no redirect (id does not exist)
2026-09-27T16:20:41,41278,not_found,,no redirect (id does not exist)
2026-09-27T16:20:42,41279,not_found,,no redirect (id does not exist)
2026-09-27T16:20:43,41280,not_found,,no redirect (id does not exist)
2026-09-27T16:20:45,41281,not_found,,no redirect (id does not exist)
2026-09-27T16:20:46,41282,not_found,,no redirect (id does not exist)
2026-09-27T16:20:47,41283,not_found,,no redirect (id does not exist)
2026-09-27T16:20:49,41284,not_found,,no redirect (id does not exist)
2026-09-27T16:20:50,41285,not_found,,no redirect (id does not exist)
2026-09-27T16:20:51,41286,not_found,,no redirect (id does not exist)
2026-09-27T16:20:52,41287,not_found,,no redirect (id does not exist)
2026-09-27T16:20:54,41288,not_found,,no redirect (id does not exist)
2026-09-27T16:20:55,41289,not_found,,no redirect (id does not exist)
2026-09-27T16:20:57,41290,not_found,,no redirect (id does not exist)
2026-09-27T16:20:58,41291,not_found,,no redirect (id does not exist)
2026-09-27T16:20:59,41292,not_found,,no redirect (id does not exist)
2026-09-27T16:21:01,41293,not_found,,no redirect (id does not exist)
2026-09-27T16:21:02,41294,not_found,,no redirect (id does not exist)
2026-09-27T16:21:03,41295,not_found,,no redirect (id does not exist)
2026-09-27T16:21:04,41296,not_found,,no redirect (id does not exist)
2026-09-27T16:21:06,41297,not_found,,no redirect (id does not exist)
2026-09-27T16:21:07,41298,not_found,,no redirect (id does not exist)
2026-09-27T16:21:08,41299,not_found,,no redirect (id does not exist)
2026-09-27T16:21:10,41300,not_found,,no redirect (id does not exist)
2026-09-27T16:21:11,41301,not_found,,no redirect (id does not exist)
2026-09-27T16:21:12,41302,not_found,,no redirect (id does not exist)
2026-09-27T16:21:13,41303,not_found,,no redirect (id does not exist)
2026-09-27T16:21:15,41304,not_found,,no redirect (id does not exist)
2026-09-27T16:21:16,41305,not_found,,no redirect (id does not exist)
2026-09-27T16:21:17,41306,not_found,,no redirect (id does not exist)
2026-09-27T16:21:19,41307,not_found,,no redirect (id does not exist)
2026-09-27T16:21:20,41308,not_found,,no redirect (id does not exist)
2026-09-27T16:21:22,41309,not_found,,no redirect (id does not exist)
2026-09-27T16:21:23,41310,not_found,,no redirect (id does not exist)
2026-09-27T16:21:24,41311,not_found,,no redirect (id does not exist)
2026-09-27T16:21:26,41312,not_found,,no redirect (id does not exist)
2026-09-27T16:21:27,41313,not_found,,no redirect (id does not exist)
2026-09-27T16:21:29,41314,not_found,,no redirect (id does not exist)
2026-09-27T16:21:30,41315,not_found,,no redirect (id does not exist)
2026-09-27T16:21:31,41316,not_found,,no redirect (id does not exist)
2026-09-27T16:21:33,41317,not_found,,no redirect (id does not exist)
2026-09-27T16:21:34,41318,not_found,,no redirect (id does not exist)
2026-09-27T16:21:36,41319,not_found,,no redirect (id does not exist)
2026-09-27T16:21:37,41320,not_found,,no redirect (id does not exist)
2026-09-27T16:21:39,41321,not_found,,no redirect (id does not exist)
2026-09-27T16:21:40,41322,not_found,,no redirect (id does not exist)
2026-09-27T16:21:42,41323,not_found,,no redirect (id does not exist)
2026-09-27T16:21:43,41324,not_found,,no redirect (id does not exist)
2026-09-27T16:21:44,41325,not_found,,no redirect (id does not exist)
2026-09-27T16:21:46,41326,not_found,,no redirect (id does not exist)
2026-09-27T16:21:47,41327,not_found,,no redirect (id does not exist)
2026-09-27T16:21:48,41328,not_found,,no redirect (id does not exist)
2026-09-27T16:21:49,41329,not_found,,no redirect (id does not exist)
2026-09-27T16:21:51,41330,not_found,,no redirect (id does not exist)
2026-09-27T16:21:52,41331,not_found,,no redirect (id does not exist)
2026-09-27T16:21:53,41332,not_found,,no redirect (id does not exist)
2026-09-27T16:21:54,41333,not_found,,no redirect (id does not exist)
2026-09-27T16:21:56,41334,not_found,,no redirect (id does not exist)
2026-09-27T16:21:57,41335,not_found,,no redirect (id does not exist)
2026-09-27T16:21:58,41336,not_found,,no redirect (id does not exist)
2026-09-27T16:22:00,41337,not_found,,no redirect (id does not exist)
2026-09-27T16:22:02,41338,not_found,,no redirect (id does not exist)
2026-09-27T16:22:03,41339,not_found,,no redirect (id does not exist)
2026-09-27T16:22:05,41340,not_found,,no redirect (id does not exist)
2026-09-27T16:22:06,41341,not_found,,no redirect (id does not exist)
2026-09-27T16:22:07,41342,not_found,,no redirect (id does not exist)
2026-09-27T16:22:09,41343,not_found,,no redirect (id does not exist)
2026-09-27T16:22:10,41344,not_found,,no redirect (id does not exist)
2026-09-27T16:22:11,41345,not_found,,no redirect (id does not exist)
2026-09-27T16:22:12,41346,not_found,,no redirect (id does not exist)
2026-09-27T16:22:14,41347,not_found,,no redirect (id does not exist)
2026-09-27T16:22:15,41348,not_found,,no redirect (id does not exist)
2026-09-27T16:22:17,41349,not_found,,no redirect (id does not exist)
2026-09-27T16:22:18,41350,not_found,,no redirect (id does not exist)
2026-09-27T16:22:19,41351,not_found,,no redirect (id does not exist)
2026-09-27T16:22:21,41352,not_found,,no redirect (id does not exist)
2026-09-27T16:22:22,41353,not_found,,no redirect (id does not exist)
2026-09-27T16:22:23,41354,not_found,,no redirect (id does not exist)
2026-09-27T16:22:24,41355,not_found,,no redirect (id does not exist)
2026-09-27T16:22:26,41356,not_found,,no redirect (id does not exist)
2026-09-27T16:22:27,41357,not_found,,no redirect (id does not exist)
2026-09-27T16:22:28,41358,not_found,,no redirect (id does not exist)
2026-09-27T16:22:29,41359,not_found,,no redirect (id does not exist)
2026-09-27T16:22:31,41360,not_found,,no redirect (id does not exist)
2026-09-27T16:22:32,41361,not_found,,no redirect (id does not exist)
2026-09-27T16:22:33,41362,not_found,,no redirect (id does not exist)
2026-09-27T16:22:35,41363,not_found,,no redirect (id does not exist)
2026-09-27T16:22:36,41364,not_found,,no redirect (id does not exist)
2026-09-27T16:22:38,41365,not_found,,no redirect (id does not exist)
2026-09-27T16:22:39,41366,not_found,,no redirect (id does not exist)
2026-09-27T16:22:40,41367,not_found,,no redirect (id does not exist)
2026-09-27T16:22:42,41368,not_found,,no redirect (id does not exist)
2026-09-27T16:22:43,41369,not_found,,no redirect (id does not exist)
2026-09-27T16:22:44,41370,not_found,,no redirect (id does not exist)
2026-09-27T16:22:46,41371,not_found,,no redirect (id does not exist)
2026-09-27T16:22:48,41372,not_found,,no redirect (id does not exist)
2026-09-27T16:22:49,41373,not_found,,no redirect (id does not exist)
2026-09-27T16:22:50,41374,not_found,,no redirect (id does not exist)
2026-09-27T16:22:51,41375,not_found,,no redirect (id does not exist)
2026-09-27T16:22:53,41376,not_found,,no redirect (id does not exist)
2026-09-27T16:22:54,41377,not_found,,no redirect (id does not exist)
2026-09-27T16:22:55,41378,not_found,,no redirect (id does not exist)
2026-09-27T16:22:56,41379,not_found,,no redirect (id does not exist)
2026-09-27T16:22:58,41380,not_found,,no redirect (id does not exist)
2026-09-27T16:22:59,41381,not_found,,no redirect (id does not exist)
2026-09-27T16:23:00,41382,not_found,,no redirect (id does not exist)
2026-09-27T16:23:02,41383,not_found,,no redirect (id does not exist)
2026-09-27T16:23:03,41384,not_found,,no redirect (id does not exist)
2026-09-27T16:23:04,41385,not_found,,no redirect (id does not exist)
2026-09-27T16:23:05,41386,not_found,,no redirect (id does not exist)
2026-09-27T16:23:07,41387,not_found,,no redirect (id does not exist)
2026-09-27T16:23:08,41388,not_found,,no redirect (id does not exist)
2026-09-27T16:23:09,41389,not_found,,no redirect (id does not exist)
2026-09-27T16:23:10,41390,not_found,,no redirect (id does not exist)
2026-09-27T16:23:12,41391,not_found,,no redirect (id does not exist)
2026-09-27T16:23:13,41392,not_found,,no redirect (id does not exist)
2026-09-27T16:23:14,41393,not_found,,no redirect (id does not exist)
2026-09-27T16:23:16,41394,not_found,,no redirect (id does not exist)
2026-09-27T16:23:17,41395,not_found,,no redirect (id does not exist)
2026-09-27T16:23:18,41396,not_found,,no redirect (id does not exist)
2026-09-27T16:23:20,41397,not_found,,no redirect (id does not exist)
2026-09-27T16:23:21,41398,not_found,,no redirect (id does not exist)
2026-09-27T16:23:22,41399,not_found,,no redirect (id does not exist)
2026-09-27T16:23:23,41400,not_found,,no redirect (id does not exist)
2026-09-27T16:23:25,41401,not_found,,no redirect (id does not exist)
2026-09-27T16:23:26,41402,not_found,,no redirect (id does not exist)
2026-09-27T16:23:27,41403,not_found,,no redirect (id does not exist)
2026-09-27T16:23:29,41404,not_found,,no redirect (id does not exist)
2026-09-27T16:23:30,41405,not_found,,no redirect (id does not exist)
2026-09-27T16:23:31,41406,not_found,,no redirect (id does not exist)
2026-09-27T16:23:32,41407,not_found,,no redirect (id does not exist)
2026-09-27T16:23:34,41408,not_found,,no redirect (id does not exist)
2026-09-27T16:23:35,41409,not_found,,no redirect (id does not exist)
2026-09-27T16:23:36,41410,not_found,,no redirect (id does not exist)
2026-09-27T16:23:38,41411,not_found,,no redirect (id does not exist)
2026-09-27T16:23:39,41412,not_found,,no redirect (id does not exist)
2026-09-27T16:23:40,41413,not_found,,no redirect (id does not exist)
2026-09-27T16:23:42,41414,not_found,,no redirect (id does not exist)
2026-09-27T16:23:43,41415,not_found,,no redirect (id does not exist)
2026-09-27T16:23:44,41416,not_found,,no redirect (id does not exist)
2026-09-27T16:23:45,41417,not_found,,no redirect (id does not exist)
2026-09-27T16:23:47,41418,not_found,,no redirect (id does not exist)
2026-09-27T16:23:48,41419,not_found,,no redirect (id does not exist)
2026-09-27T16:23:49,41420,not_found,,no redirect (id does not exist)
2026-09-27T16:23:51,41421,not_found,,no redirect (id does not exist)
2026-09-27T16:23:52,41422,not_found,,no redirect (id does not exist)
2026-09-27T16:23:53,41423,not_found,,no redirect (id does not exist)
2026-09-27T16:23:54,41424,not_found,,no redirect (id does not exist)
2026-09-27T16:23:56,41425,not_found,,no redirect (id does not exist)
2026-09-27T16:23:57,41426,not_found,,no redirect (id does not exist)
2026-09-27T16:23:58,41427,not_found,,no redirect (id does not exist)
2026-09-27T16:23:59,41428,not_found,,no redirect (id does not exist)
2026-09-27T16:24:01,41429,not_found,,no redirect (id does not exist)
2026-09-27T16:24:02,41430,not_found,,no redirect (id does not exist)
2026-09-27T16:24:03,41431,not_found,,no redirect (id does not exist)
2026-09-27T16:24:05,41432,not_found,,no redirect (id does not exist)
2026-09-27T16:24:06,41433,not_found,,no redirect (id does not exist)
2026-09-27T16:24:07,41434,not_found,,no redirect (id does not exist)
2026-09-27T16:24:08,41435,not_found,,no redirect (id does not exist)
2026-09-27T16:24:10,41436,not_found,,no redirect (id does not exist)
2026-09-27T16:24:11,41437,not_found,,no redirect (id does not exist)
2026-09-27T16:24:12,41438,not_found,,no redirect (id does not exist)
2026-09-27T16:24:14,41439,not_found,,no redirect (id does not exist)
2026-09-27T16:24:15,41440,not_found,,no redirect (id does not exist)
2026-09-27T16:24:16,41441,not_found,,no redirect (id does not exist)
2026-09-27T16:24:18,41442,not_found,,no redirect (id does not exist)
2026-09-27T16:24:19,41443,not_found,,no redirect (id does not exist)
2026-09-27T16:24:20,41444,not_found,,no redirect (id does not exist)
2026-09-27T16:24:21,41445,not_found,,no redirect (id does not exist)
2026-09-27T16:24:23,41446,not_found,,no redirect (id does not exist)
2026-09-27T16:24:24,41447,not_found,,no redirect (id does not exist)
2026-09-27T16:24:25,41448,not_found,,no redirect (id does not exist)
2026-09-27T16:24:26,41449,not_found,,no redirect (id does not exist)
2026-09-27T16:24:28,41450,not_found,,no redirect (id does not exist)
2026-09-27T16:24:29,41451,not_found,,no redirect (id does not exist)
2026-09-27T16:24:30,41452,not_found,,no redirect (id does not exist)
2026-09-27T16:24:31,41453,not_found,,no redirect (id does not exist)
2026-09-27T16:24:33,41454,not_found,,no redirect (id does not exist)
2026-09-27T16:24:34,41455,not_found,,no redirect (id does not exist)
2026-09-27T16:24:35,41456,not_found,,no redirect (id does not exist)
2026-09-27T16:24:36,41457,not_found,,no redirect (id does not exist)
2026-09-27T16:24:38,41458,not_found,,no redirect (id does not exist)
2026-09-27T16:24:39,41459,not_found,,no redirect (id does not exist)
2026-09-27T16:24:40,41460,not_found,,no redirect (id does not exist)
2026-09-27T16:24:41,41461,not_found,,no redirect (id does not exist)
2026-09-27T16:24:43,41462,not_found,,no redirect (id does not exist)
2026-09-27T16:24:44,41463,not_found,,no redirect (id does not exist)
2026-09-27T16:24:45,41464,not_found,,no redirect (id does not exist)
2026-09-27T16:24:46,41465,not_found,,no redirect (id does not exist)
2026-09-27T16:24:48,41466,not_found,,no redirect (id does not exist)
2026-09-27T16:24:49,41467,not_found,,no redirect (id does not exist)
2026-09-27T16:24:50,41468,not_found,,no redirect (id does not exist)
2026-09-27T16:24:51,41469,not_found,,no redirect (id does not exist)
2026-09-27T16:24:53,41470,not_found,,no redirect (id does not exist)
2026-09-27T16:24:54,41471,not_found,,no redirect (id does not exist)
2026-09-27T16:24:55,41472,not_found,,no redirect (id does not exist)
2026-09-27T16:24:57,41473,not_found,,no redirect (id does not exist)
2026-09-27T16:24:58,41474,not_found,,no redirect (id does not exist)
2026-09-27T16:25:00,41475,not_found,,no redirect (id does not exist)
2026-09-27T16:25:01,41476,not_found,,no redirect (id does not exist)
2026-09-27T16:25:02,41477,not_found,,no redirect (id does not exist)
2026-09-27T16:25:04,41478,not_found,,no redirect (id does not exist)
2026-09-27T16:25:05,41479,not_found,,no redirect (id does not exist)
2026-09-27T16:25:06,41480,not_found,,no redirect (id does not exist)
2026-09-27T16:25:07,41481,not_found,,no redirect (id does not exist)
2026-09-27T16:25:09,41482,not_found,,no redirect (id does not exist)
2026-09-27T16:25:10,41483,not_found,,no redirect (id does not exist)
2026-09-27T16:25:11,41484,not_found,,no redirect (id does not exist)
2026-09-27T16:25:12,41485,not_found,,no redirect (id does not exist)
2026-09-27T16:25:14,41486,not_found,,no redirect (id does not exist)
2026-09-27T16:25:15,41487,not_found,,no redirect (id does not exist)
2026-09-27T16:25:16,41488,not_found,,no redirect (id does not exist)
2026-09-27T16:25:17,41489,not_found,,no redirect (id does not exist)
2026-09-27T16:25:19,41490,not_found,,no redirect (id does not exist)
2026-09-27T16:25:20,41491,not_found,,no redirect (id does not exist)
2026-09-27T16:25:21,41492,not_found,,no redirect (id does not exist)
2026-09-27T16:25:23,41493,not_found,,no redirect (id does not exist)
2026-09-27T16:25:24,41494,not_found,,no redirect (id does not exist)
2026-09-27T16:25:25,41495,not_found,,no redirect (id does not exist)
2026-09-27T16:25:26,41496,not_found,,no redirect (id does not exist)
2026-09-27T16:25:28,41497,not_found,,no redirect (id does not exist)
2026-09-27T16:25:29,41498,not_found,,no redirect (id does not exist)
2026-09-27T16:25:30,41499,not_found,,no redirect (id does not exist)
2026-09-27T16:25:31,41500,not_found,,no redirect (id does not exist)
2026-09-27T16:25:33,41501,not_found,,no redirect (id does not exist)
2026-09-27T16:25:34,41502,not_found,,no redirect (id does not exist)
2026-09-27T16:25:35,41503,not_found,,no redirect (id does not exist)
2026-09-27T16:25:36,41504,not_found,,no redirect (id does not exist)
2026-09-27T16:25:38,41505,not_found,,no redirect (id does not exist)
2026-09-27T16:25:39,41506,not_found,,no redirect (id does not exist)
2026-09-27T16:25:41,41507,not_found,,no redirect (id does not exist)
2026-09-27T16:25:43,41508,not_found,,no redirect (id does not exist)
2026-09-27T16:25:44,41509,not_found,,no redirect (id does not exist)
2026-09-27T16:25:45,41510,not_found,,no redirect (id does not exist)
2026-09-27T16:25:47,41511,not_found,,no redirect (id does not exist)
2026-09-27T16:25:48,41512,not_found,,no redirect (id does not exist)
2026-09-27T16:25:49,41513,not_found,,no redirect (id does not exist)
2026-09-27T16:25:51,41514,not_found,,no redirect (id does not exist)
2026-09-27T16:25:52,41515,not_found,,no redirect (id does not exist)
2026-09-27T16:25:53,41516,not_found,,no redirect (id does not exist)
2026-09-27T16:25:54,41517,not_found,,no redirect (id does not exist)
2026-09-27T16:25:56,41518,not_found,,no redirect (id does not exist)
2026-09-27T16:25:57,41519,not_found,,no redirect (id does not exist)
2026-09-27T16:25:58,41520,not_found,,no redirect (id does not exist)
2026-09-27T16:26:00,41521,not_found,,no redirect (id does not exist)
